"id","base_id","product","product_key","language","region","theme","text","character_count","channel","review_status","status","destination_url","tracking_url","source_file","planned_at","published_at","notes"
"DCP-001-en","DCP-001","DailyCashPlan","dcp","en","","Where did my money go?","Most people don't overspend.
They just don't know where their money went.

A coffee here.
A bill over there.

One clear overview
changes everything.

Try DailyCashPlan free 👇
https://vid567.github.io/dailycashplan/?utm_source=threads&utm_medium=social&utm_campaign=dcp_beta_en&utm_content=dcp-001

🌍 Available in 8 language/region versions.

DM me with your feedback.","369","threads","master","SOURCE","https://vid567.github.io/dailycashplan/","https://vid567.github.io/dailycashplan/?utm_source=threads&utm_medium=social&utm_campaign=dcp_beta_en&utm_content=dcp-001","content-creator.html","","",""
"DCP-002-en","DCP-002","DailyCashPlan","dcp","en","","Where did my money go?","Money comes.
Money goes.
Where it disappears...
nobody knows.

Your money is not always gone.
Sometimes it is simply hidden
in dozens of small payments.

Try DailyCashPlan free 👇
https://vid567.github.io/dailycashplan/?utm_source=threads&utm_medium=social&utm_campaign=dcp_beta_en&utm_content=dcp-002

🌍 Available in 8 language/region versions.

DM me with your feedback.","373","threads","master","SOURCE","https://vid567.github.io/dailycashplan/","https://vid567.github.io/dailycashplan/?utm_source=threads&utm_medium=social&utm_campaign=dcp_beta_en&utm_content=dcp-002","content-creator.html","","",""
"DCP-003-en","DCP-003","DailyCashPlan","dcp","en","","Where did my money go?","Count what's spent.
Know where it went.

Start with three numbers:

→ income
→ expenses
→ debt

Clarity begins there.

Try DailyCashPlan free 👇
https://vid567.github.io/dailycashplan/?utm_source=threads&utm_medium=social&utm_campaign=dcp_beta_en&utm_content=dcp-003

🌍 Available in 8 language/region versions.

DM me with your feedback.","338","threads","master","SOURCE","https://vid567.github.io/dailycashplan/","https://vid567.github.io/dailycashplan/?utm_source=threads&utm_medium=social&utm_campaign=dcp_beta_en&utm_content=dcp-003","content-creator.html","","",""
"DCP-004-en","DCP-004","DailyCashPlan","dcp","en","","Where did my money go?","See your flow.
Then you will know.

You cannot change
what you cannot see.

Put the whole month
on one simple page.

Try DailyCashPlan free 👇
https://vid567.github.io/dailycashplan/?utm_source=threads&utm_medium=social&utm_campaign=dcp_beta_en&utm_content=dcp-004

🌍 Available in 8 language/region versions.

DM me with your feedback.","336","threads","master","SOURCE","https://vid567.github.io/dailycashplan/","https://vid567.github.io/dailycashplan/?utm_source=threads&utm_medium=social&utm_campaign=dcp_beta_en&utm_content=dcp-004","content-creator.html","","",""
"DCP-005-en","DCP-005","DailyCashPlan","dcp","en","","Where did my money go?","Cash can hide.
Numbers guide.

Small purchases feel harmless.
Together, they tell a story.

Look before you judge yourself.

Try DailyCashPlan free 👇
https://vid567.github.io/dailycashplan/?utm_source=threads&utm_medium=social&utm_campaign=dcp_beta_en&utm_content=dcp-005

🌍 Available in 8 language/region versions.

DM me with your feedback.","344","threads","master","SOURCE","https://vid567.github.io/dailycashplan/","https://vid567.github.io/dailycashplan/?utm_source=threads&utm_medium=social&utm_campaign=dcp_beta_en&utm_content=dcp-005","content-creator.html","","",""
"DCP-006-en","DCP-006","DailyCashPlan","dcp","en","","Bills & debt","Bills arrive.
Stress survives.

Until you put every bill
in one clear overview.

Knowing the total
is the first calm step.

Try DailyCashPlan free 👇
https://vid567.github.io/dailycashplan/?utm_source=threads&utm_medium=social&utm_campaign=dcp_beta_en&utm_content=dcp-006

🌍 Available in 8 language/region versions.

DM me with your feedback.","343","threads","master","SOURCE","https://vid567.github.io/dailycashplan/","https://vid567.github.io/dailycashplan/?utm_source=threads&utm_medium=social&utm_campaign=dcp_beta_en&utm_content=dcp-006","content-creator.html","","",""
"DCP-007-en","DCP-007","DailyCashPlan","dcp","en","","Bills & debt","Less debt.
Less dread.

Do not solve everything today.

Choose one debt.
Choose one next payment.
Choose one small step.

Try DailyCashPlan free 👇
https://vid567.github.io/dailycashplan/?utm_source=threads&utm_medium=social&utm_campaign=dcp_beta_en&utm_content=dcp-007

🌍 Available in 8 language/region versions.

DM me with your feedback.","341","threads","master","SOURCE","https://vid567.github.io/dailycashplan/","https://vid567.github.io/dailycashplan/?utm_source=threads&utm_medium=social&utm_campaign=dcp_beta_en&utm_content=dcp-007","content-creator.html","","",""
"DCP-008-en","DCP-008","DailyCashPlan","dcp","en","","Bills & debt","Debt feels deep.
Take one step, not one leap.

You do not need a perfect plan.
You need a realistic next move
you can repeat.

Try DailyCashPlan free 👇
https://vid567.github.io/dailycashplan/?utm_source=threads&utm_medium=social&utm_campaign=dcp_beta_en&utm_content=dcp-008

🌍 Available in 8 language/region versions.

DM me with your feedback.","346","threads","master","SOURCE","https://vid567.github.io/dailycashplan/","https://vid567.github.io/dailycashplan/?utm_source=threads&utm_medium=social&utm_campaign=dcp_beta_en&utm_content=dcp-008","content-creator.html","","",""
"DCP-009-en","DCP-009","DailyCashPlan","dcp","en","","Bills & debt","Bills in sight.
Sleep better tonight.

Write down what is due,
how much it costs
and when it must be paid.

Uncertainty creates extra stress.

Try DailyCashPlan free 👇
https://vid567.github.io/dailycashplan/?utm_source=threads&utm_medium=social&utm_campaign=dcp_beta_en&utm_content=dcp-009

🌍 Available in 8 language/region versions.

DM me with your feedback.","362","threads","master","SOURCE","https://vid567.github.io/dailycashplan/","https://vid567.github.io/dailycashplan/?utm_source=threads&utm_medium=social&utm_campaign=dcp_beta_en&utm_content=dcp-009","content-creator.html","","",""
"DCP-010-en","DCP-010","DailyCashPlan","dcp","en","","Bills & debt","Know what you owe.
Then choose where to go.

List every debt without shame.

The list is not a verdict.
It is your starting point.

Try DailyCashPlan free 👇
https://vid567.github.io/dailycashplan/?utm_source=threads&utm_medium=social&utm_campaign=dcp_beta_en&utm_content=dcp-010

🌍 Available in 8 language/region versions.

DM me with your feedback.","351","threads","master","SOURCE","https://vid567.github.io/dailycashplan/","https://vid567.github.io/dailycashplan/?utm_source=threads&utm_medium=social&utm_campaign=dcp_beta_en&utm_content=dcp-010","content-creator.html","","",""
"DCP-011-en","DCP-011","DailyCashPlan","dcp","en","","Budget myths","A budget can bend.
Confusion should end.

A useful plan is not a prison.

It helps you decide
before your money decides for you.

Try DailyCashPlan free 👇
https://vid567.github.io/dailycashplan/?utm_source=threads&utm_medium=social&utm_campaign=dcp_beta_en&utm_content=dcp-011

🌍 Available in 8 language/region versions.

DM me with your feedback.","349","threads","master","SOURCE","https://vid567.github.io/dailycashplan/","https://vid567.github.io/dailycashplan/?utm_source=threads&utm_medium=social&utm_campaign=dcp_beta_en&utm_content=dcp-011","content-creator.html","","",""
"DCP-012-en","DCP-012","DailyCashPlan","dcp","en","","Budget myths","Perfect is slow.
Start with what you know.

You do not need every receipt.

Begin with your income,
regular bills and total debt.

Try DailyCashPlan free 👇
https://vid567.github.io/dailycashplan/?utm_source=threads&utm_medium=social&utm_campaign=dcp_beta_en&utm_content=dcp-012

🌍 Available in 8 language/region versions.

DM me with your feedback.","350","threads","master","SOURCE","https://vid567.github.io/dailycashplan/","https://vid567.github.io/dailycashplan/?utm_source=threads&utm_medium=social&utm_campaign=dcp_beta_en&utm_content=dcp-012","content-creator.html","","",""
"DCP-013-en","DCP-013","DailyCashPlan","dcp","en","","Budget myths","More rules, more strain.
Keep your money plan plain.

Complicated systems are easy to quit.

A simple overview
you actually use wins.

Try DailyCashPlan free 👇
https://vid567.github.io/dailycashplan/?utm_source=threads&utm_medium=social&utm_campaign=dcp_beta_en&utm_content=dcp-013

🌍 Available in 8 language/region versions.

DM me with your feedback.","354","threads","master","SOURCE","https://vid567.github.io/dailycashplan/","https://vid567.github.io/dailycashplan/?utm_source=threads&utm_medium=social&utm_campaign=dcp_beta_en&utm_content=dcp-013","content-creator.html","","",""
"DCP-014-en","DCP-014","DailyCashPlan","dcp","en","","Budget myths","No shame.
Just name the game.

A money overview is not about blame.

It is about seeing reality
and choosing your next step.

Try DailyCashPlan free 👇
https://vid567.github.io/dailycashplan/?utm_source=threads&utm_medium=social&utm_campaign=dcp_beta_en&utm_content=dcp-014

🌍 Available in 8 language/region versions.

DM me with your feedback.","345","threads","master","SOURCE","https://vid567.github.io/dailycashplan/","https://vid567.github.io/dailycashplan/?utm_source=threads&utm_medium=social&utm_campaign=dcp_beta_en&utm_content=dcp-014","content-creator.html","","",""
"DCP-015-en","DCP-015","DailyCashPlan","dcp","en","","Budget myths","More earning is nice.
Knowing is the real prize.

A higher income can help.

But clarity helps at every income level.

Try DailyCashPlan free 👇
https://vid567.github.io/dailycashplan/?utm_source=threads&utm_medium=social&utm_campaign=dcp_beta_en&utm_content=dcp-015

🌍 Available in 8 language/region versions.

DM me with your feedback.","338","threads","master","SOURCE","https://vid567.github.io/dailycashplan/","https://vid567.github.io/dailycashplan/?utm_source=threads&utm_medium=social&utm_campaign=dcp_beta_en&utm_content=dcp-015","content-creator.html","","",""
"DCP-016-en","DCP-016","DailyCashPlan","dcp","en","","Small wins","Small today.
Better payday.

Take two minutes:

→ add your income
→ add fixed bills
→ add total debt

That is a real start.

Try DailyCashPlan free 👇
https://vid567.github.io/dailycashplan/?utm_source=threads&utm_medium=social&utm_campaign=dcp_beta_en&utm_content=dcp-016

🌍 Available in 8 language/region versions.

DM me with your feedback.","344","threads","master","SOURCE","https://vid567.github.io/dailycashplan/","https://vid567.github.io/dailycashplan/?utm_source=threads&utm_medium=social&utm_campaign=dcp_beta_en&utm_content=dcp-016","content-creator.html","","",""
"DCP-017-en","DCP-017","DailyCashPlan","dcp","en","","Small wins","One page.
One plan.
Yes, you can.

Do not build a perfect budget.

Build one clear snapshot
of where you stand today.

Try DailyCashPlan free 👇
https://vid567.github.io/dailycashplan/?utm_source=threads&utm_medium=social&utm_campaign=dcp_beta_en&utm_content=dcp-017

🌍 Available in 8 language/region versions.

DM me with your feedback.","338","threads","master","SOURCE","https://vid567.github.io/dailycashplan/","https://vid567.github.io/dailycashplan/?utm_source=threads&utm_medium=social&utm_campaign=dcp_beta_en&utm_content=dcp-017","content-creator.html","","",""
"DCP-018-en","DCP-018","DailyCashPlan","dcp","en","","Small wins","Track the facts.
Then relax.

Numbers feel less frightening
when they are visible.

Open the overview.
Take one action.

Try DailyCashPlan free 👇
https://vid567.github.io/dailycashplan/?utm_source=threads&utm_medium=social&utm_campaign=dcp_beta_en&utm_content=dcp-018

🌍 Available in 8 language/region versions.

DM me with your feedback.","340","threads","master","SOURCE","https://vid567.github.io/dailycashplan/","https://vid567.github.io/dailycashplan/?utm_source=threads&utm_medium=social&utm_campaign=dcp_beta_en&utm_content=dcp-018","content-creator.html","","",""
"DCP-019-en","DCP-019","DailyCashPlan","dcp","en","","Small wins","Save a little.
Strengthen the middle.

A tiny buffer is still a buffer.

Start with an amount
you can repeat without stress.

Try DailyCashPlan free 👇
https://vid567.github.io/dailycashplan/?utm_source=threads&utm_medium=social&utm_campaign=dcp_beta_en&utm_content=dcp-019

🌍 Available in 8 language/region versions.

DM me with your feedback.","345","threads","master","SOURCE","https://vid567.github.io/dailycashplan/","https://vid567.github.io/dailycashplan/?utm_source=threads&utm_medium=social&utm_campaign=dcp_beta_en&utm_content=dcp-019","content-creator.html","","",""
"DCP-020-en","DCP-020","DailyCashPlan","dcp","en","","Small wins","Choose one move.
Find your groove.

Cancel one unused subscription.
Plan one cheaper meal.
Pay one small extra amount.

One move counts.

Try DailyCashPlan free 👇
https://vid567.github.io/dailycashplan/?utm_source=threads&utm_medium=social&utm_campaign=dcp_beta_en&utm_content=dcp-020

🌍 Available in 8 language/region versions.

DM me with your feedback.","357","threads","master","SOURCE","https://vid567.github.io/dailycashplan/","https://vid567.github.io/dailycashplan/?utm_source=threads&utm_medium=social&utm_campaign=dcp_beta_en&utm_content=dcp-020","content-creator.html","","",""
"DCP-021-en","DCP-021","DailyCashPlan","dcp","en","","Peace of mind","Less guessing.
Less stressing.

Stop asking:
Can I afford this?

Start with a clear view
of what remains after your bills.

Try DailyCashPlan free 👇
https://vid567.github.io/dailycashplan/?utm_source=threads&utm_medium=social&utm_campaign=dcp_beta_en&utm_content=dcp-021

🌍 Available in 8 language/region versions.

DM me with your feedback.","343","threads","master","SOURCE","https://vid567.github.io/dailycashplan/","https://vid567.github.io/dailycashplan/?utm_source=threads&utm_medium=social&utm_campaign=dcp_beta_en&utm_content=dcp-021","content-creator.html","","",""
"DCP-022-en","DCP-022","DailyCashPlan","dcp","en","","Peace of mind","See it clear.
Control is near.

Financial calm does not begin
with having lots of money.

It begins with knowing
where you stand.

Try DailyCashPlan free 👇
https://vid567.github.io/dailycashplan/?utm_source=threads&utm_medium=social&utm_campaign=dcp_beta_en&utm_content=dcp-022

🌍 Available in 8 language/region versions.

DM me with your feedback.","350","threads","master","SOURCE","https://vid567.github.io/dailycashplan/","https://vid567.github.io/dailycashplan/?utm_source=threads&utm_medium=social&utm_campaign=dcp_beta_en&utm_content=dcp-022","content-creator.html","","",""
"DCP-023-en","DCP-023","DailyCashPlan","dcp","en","","Peace of mind","Clear today.
Calmer tomorrow.

You cannot remove every worry.

But you can replace uncertainty
with one honest overview.

Try DailyCashPlan free 👇
https://vid567.github.io/dailycashplan/?utm_source=threads&utm_medium=social&utm_campaign=dcp_beta_en&utm_content=dcp-023

🌍 Available in 8 language/region versions.

DM me with your feedback.","341","threads","master","SOURCE","https://vid567.github.io/dailycashplan/","https://vid567.github.io/dailycashplan/?utm_source=threads&utm_medium=social&utm_campaign=dcp_beta_en&utm_content=dcp-023","content-creator.html","","",""
"DCP-024-en","DCP-024","DailyCashPlan","dcp","en","","Peace of mind","Know your flow.
Let confidence grow.

Every time you review your numbers,
you make the unknown smaller.

That is progress.

Try DailyCashPlan free 👇
https://vid567.github.io/dailycashplan/?utm_source=threads&utm_medium=social&utm_campaign=dcp_beta_en&utm_content=dcp-024

🌍 Available in 8 language/region versions.

DM me with your feedback.","343","threads","master","SOURCE","https://vid567.github.io/dailycashplan/","https://vid567.github.io/dailycashplan/?utm_source=threads&utm_medium=social&utm_campaign=dcp_beta_en&utm_content=dcp-024","content-creator.html","","",""
"DCP-025-en","DCP-025","DailyCashPlan","dcp","en","","Peace of mind","Money feels tight.
Clarity brings light.

You are not your bank balance.

See the numbers.
Choose the next step.
Keep moving.

Try DailyCashPlan free 👇
https://vid567.github.io/dailycashplan/?utm_source=threads&utm_medium=social&utm_campaign=dcp_beta_en&utm_content=dcp-025

🌍 Available in 8 language/region versions.

DM me with your feedback.","346","threads","master","SOURCE","https://vid567.github.io/dailycashplan/","https://vid567.github.io/dailycashplan/?utm_source=threads&utm_medium=social&utm_campaign=dcp_beta_en&utm_content=dcp-025","content-creator.html","","",""
"DCP-026-en","DCP-026","DailyCashPlan","dcp","en","","Budget myths","Your budget may be failing before payday.

→ Planning with best-case numbers
→ Forgetting irregular costs
→ Leaving no room for real life

Use honest numbers, not hopeful ones.

Try DailyCashPlan free:
https://vid567.github.io/dailycashplan/?utm_source=threads&utm_medium=social&utm_campaign=dcp_beta_en&utm_content=dcp-026

🌍 Available in 8 language/region versions.

DM me with your feedback.","395","threads","master","SOURCE","https://vid567.github.io/dailycashplan/","https://vid567.github.io/dailycashplan/?utm_source=threads&utm_medium=social&utm_campaign=dcp_beta_en&utm_content=dcp-026","content-creator.html","","",""
"DCP-027-en","DCP-027","DailyCashPlan","dcp","en","","Bills & debt","Debt is a number, not a character test.

→ List the balance
→ Note the interest
→ Pick the next payment

Facts create options. Shame creates delay.

Try DailyCashPlan free:
https://vid567.github.io/dailycashplan/?utm_source=threads&utm_medium=social&utm_campaign=dcp_beta_en&utm_content=dcp-027

🌍 Available in 8 language/region versions.

DM me with your feedback.","366","threads","master","SOURCE","https://vid567.github.io/dailycashplan/","https://vid567.github.io/dailycashplan/?utm_source=threads&utm_medium=social&utm_campaign=dcp_beta_en&utm_content=dcp-027","content-creator.html","","",""
"DCP-028-en","DCP-028","DailyCashPlan","dcp","en","","Where did my money go?","A paycheck can disappear without one big purchase.

Ten small decisions can do it.

Check what is already committed
before deciding what is available.

Try DailyCashPlan free:
https://vid567.github.io/dailycashplan/?utm_source=threads&utm_medium=social&utm_campaign=dcp_beta_en&utm_content=dcp-028

🌍 Available in 8 language/region versions.

DM me with your feedback.","369","threads","master","SOURCE","https://vid567.github.io/dailycashplan/","https://vid567.github.io/dailycashplan/?utm_source=threads&utm_medium=social&utm_campaign=dcp_beta_en&utm_content=dcp-028","content-creator.html","","",""
"DCP-029-en","DCP-029","DailyCashPlan","dcp","en","","Small wins","Try this two-minute money reset today.

→ Check your balance
→ Review tomorrow’s bills
→ Choose today’s spending limit

Small routines prevent big surprises.

Try DailyCashPlan free:
https://vid567.github.io/dailycashplan/?utm_source=threads&utm_medium=social&utm_campaign=dcp_beta_en&utm_content=dcp-029

🌍 Available in 8 language/region versions.

DM me with your feedback.","376","threads","master","SOURCE","https://vid567.github.io/dailycashplan/","https://vid567.github.io/dailycashplan/?utm_source=threads&utm_medium=social&utm_campaign=dcp_beta_en&utm_content=dcp-029","content-creator.html","","",""
"DCP-030-en","DCP-030","DailyCashPlan","dcp","en","","Peace of mind","Money anxiety loves unopened apps and envelopes.

Avoiding the numbers brings short relief.
Seeing them creates lasting calm.

Open one account today.
Write down only what is true.

Try DailyCashPlan free:
https://vid567.github.io/dailycashplan/?utm_source=threads&utm_medium=social&utm_campaign=dcp_beta_en&utm_content=dcp-030

🌍 Available in 8 language/region versions.

DM me with your feedback.","399","threads","master","SOURCE","https://vid567.github.io/dailycashplan/","https://vid567.github.io/dailycashplan/?utm_source=threads&utm_medium=social&utm_campaign=dcp_beta_en&utm_content=dcp-030","content-creator.html","","",""
"DCP-031-en","DCP-031","DailyCashPlan","dcp","en","","Small wins","An emergency fund does not need a dramatic start.

Save the first amount you can repeat.

→ €5 is a beginning
→ Consistency builds the buffer
→ The buffer buys breathing room

Try DailyCashPlan free:
https://vid567.github.io/dailycashplan/?utm_source=threads&utm_medium=social&utm_campaign=dcp_beta_en&utm_content=dcp-031

🌍 Available in 8 language/region versions.

DM me with your feedback.","393","threads","master","SOURCE","https://vid567.github.io/dailycashplan/","https://vid567.github.io/dailycashplan/?utm_source=threads&utm_medium=social&utm_campaign=dcp_beta_en&utm_content=dcp-031","content-creator.html","","",""
"DCP-032-en","DCP-032","DailyCashPlan","dcp","en","","Where did my money go?","One forgotten subscription is small. Five are a leak.

Open your last bank statement.
Circle every recurring payment.

Keep what earns its place.
Cancel what you no longer notice.

Try DailyCashPlan free:
https://vid567.github.io/dailycashplan/?utm_source=threads&utm_medium=social&utm_campaign=dcp_beta_en&utm_content=dcp-032

🌍 Available in 8 language/region versions.

DM me with your feedback.","398","threads","master","SOURCE","https://vid567.github.io/dailycashplan/","https://vid567.github.io/dailycashplan/?utm_source=threads&utm_medium=social&utm_campaign=dcp_beta_en&utm_content=dcp-032","content-creator.html","","",""
"DCP-033-en","DCP-033","DailyCashPlan","dcp","en","","Small wins","Impulse buying starts before the checkout.

Add a 24-hour pause for non-essentials.

→ Save the item
→ Leave the page
→ Decide tomorrow

Distance makes the decision clearer.

Try DailyCashPlan free:
https://vid567.github.io/dailycashplan/?utm_source=threads&utm_medium=social&utm_campaign=dcp_beta_en&utm_content=dcp-033

🌍 Available in 8 language/region versions.

DM me with your feedback.","392","threads","master","SOURCE","https://vid567.github.io/dailycashplan/","https://vid567.github.io/dailycashplan/?utm_source=threads&utm_medium=social&utm_campaign=dcp_beta_en&utm_content=dcp-033","content-creator.html","","",""
"DCP-034-en","DCP-034","DailyCashPlan","dcp","en","","Where did my money go?","Your grocery budget needs a plan for tired days.

Perfect meal plans often fail at 6 p.m.

Keep two cheap, easy meals ready.
Convenience planned at home
costs less than emergency takeout.

Try DailyCashPlan free:
https://vid567.github.io/dailycashplan/?utm_source=threads&utm_medium=social&utm_campaign=dcp_beta_en&utm_content=dcp-034

🌍 Available in 8 language/region versions.

DM me with your feedback.","406","threads","master","SOURCE","https://vid567.github.io/dailycashplan/","https://vid567.github.io/dailycashplan/?utm_source=threads&utm_medium=social&utm_campaign=dcp_beta_en&utm_content=dcp-034","content-creator.html","","",""
"DCP-035-en","DCP-035","DailyCashPlan","dcp","en","","Small wins","A no-spend day is useful data, not punishment.

Notice what made spending easier to avoid.

→ Fewer shopping apps
→ Food prepared ahead
→ A clear daily limit

Repeat what worked.

Try DailyCashPlan free:
https://vid567.github.io/dailycashplan/?utm_source=threads&utm_medium=social&utm_campaign=dcp_beta_en&utm_content=dcp-035

🌍 Available in 8 language/region versions.

DM me with your feedback.","397","threads","master","SOURCE","https://vid567.github.io/dailycashplan/","https://vid567.github.io/dailycashplan/?utm_source=threads&utm_medium=social&utm_campaign=dcp_beta_en&utm_content=dcp-035","content-creator.html","","",""
"DCP-036-en","DCP-036","DailyCashPlan","dcp","en","","Bills & debt","Paying only the card minimum has a hidden cost.

The balance stays longer.
Interest gets more time.

Know the minimum, interest rate
and one realistic extra amount.

Try DailyCashPlan free:
https://vid567.github.io/dailycashplan/?utm_source=threads&utm_medium=social&utm_campaign=dcp_beta_en&utm_content=dcp-036

🌍 Available in 8 language/region versions.

DM me with your feedback.","383","threads","master","SOURCE","https://vid567.github.io/dailycashplan/","https://vid567.github.io/dailycashplan/?utm_source=threads&utm_medium=social&utm_campaign=dcp_beta_en&utm_content=dcp-036","content-creator.html","","",""
"DCP-037-en","DCP-037","DailyCashPlan","dcp","en","","Budget myths","Myth: a realistic budget cuts out every treat.

A plan with zero breathing room
is easy to abandon.

Give enjoyable spending a limit.
Then enjoy it without guessing.

Try DailyCashPlan free:
https://vid567.github.io/dailycashplan/?utm_source=threads&utm_medium=social&utm_campaign=dcp_beta_en&utm_content=dcp-037

🌍 Available in 8 language/region versions.

DM me with your feedback.","384","threads","master","SOURCE","https://vid567.github.io/dailycashplan/","https://vid567.github.io/dailycashplan/?utm_source=threads&utm_medium=social&utm_campaign=dcp_beta_en&utm_content=dcp-037","content-creator.html","","",""
"DCP-038-en","DCP-038","DailyCashPlan","dcp","en","","Where did my money go?","Monthly planning should begin before the month does.

Look ahead for costs that do not repeat weekly.

→ Birthdays
→ Annual renewals
→ School or travel costs

Expected expenses are easier to handle.

Try DailyCashPlan free:
https://vid567.github.io/dailycashplan/?utm_source=threads&utm_medium=social&utm_campaign=dcp_beta_en&utm_content=dcp-038

🌍 Available in 8 language/region versions.

DM me with your feedback.","417","threads","master","SOURCE","https://vid567.github.io/dailycashplan/","https://vid567.github.io/dailycashplan/?utm_source=threads&utm_medium=social&utm_campaign=dcp_beta_en&utm_content=dcp-038","content-creator.html","","",""
"DCP-039-en","DCP-039","DailyCashPlan","dcp","en","","Peace of mind","Financial overwhelm often means too many open loops.

Bills, debts and due dates
are competing for attention.

Put them in one place.
Your brain should not be the filing system.

Try DailyCashPlan free:
https://vid567.github.io/dailycashplan/?utm_source=threads&utm_medium=social&utm_campaign=dcp_beta_en&utm_content=dcp-039

🌍 Available in 8 language/region versions.

DM me with your feedback.","396","threads","master","SOURCE","https://vid567.github.io/dailycashplan/","https://vid567.github.io/dailycashplan/?utm_source=threads&utm_medium=social&utm_campaign=dcp_beta_en&utm_content=dcp-039","content-creator.html","","",""
"DCP-040-en","DCP-040","DailyCashPlan","dcp","en","","Budget myths","You do not need 20 spending categories.

Start with what helps you decide:

→ Money coming in
→ Bills and essentials
→ Flexible spending
→ Debt and savings

Try DailyCashPlan free:
https://vid567.github.io/dailycashplan/?utm_source=threads&utm_medium=social&utm_campaign=dcp_beta_en&utm_content=dcp-040

🌍 Available in 8 language/region versions.

DM me with your feedback.","374","threads","master","SOURCE","https://vid567.github.io/dailycashplan/","https://vid567.github.io/dailycashplan/?utm_source=threads&utm_medium=social&utm_campaign=dcp_beta_en&utm_content=dcp-040","content-creator.html","","",""
"DCP-041-en","DCP-041","DailyCashPlan","dcp","en","","Peace of mind","Confidence comes after small money actions.

Not before them.

Review one number.
Make one choice.
Repeat tomorrow.
That is how trust in yourself grows.

Try DailyCashPlan free:
https://vid567.github.io/dailycashplan/?utm_source=threads&utm_medium=social&utm_campaign=dcp_beta_en&utm_content=dcp-041

🌍 Available in 8 language/region versions.

DM me with your feedback.","371","threads","master","SOURCE","https://vid567.github.io/dailycashplan/","https://vid567.github.io/dailycashplan/?utm_source=threads&utm_medium=social&utm_campaign=dcp_beta_en&utm_content=dcp-041","content-creator.html","","",""
"DCP-042-en","DCP-042","DailyCashPlan","dcp","en","","Where did my money go?","Tracking every expense is useless if you never review it.

Once a week, ask:

→ What surprised me?
→ What can change next week?
→ What went well?

Tracking should guide decisions.

Try DailyCashPlan free:
https://vid567.github.io/dailycashplan/?utm_source=threads&utm_medium=social&utm_campaign=dcp_beta_en&utm_content=dcp-042

🌍 Available in 8 language/region versions.

DM me with your feedback.","398","threads","master","SOURCE","https://vid567.github.io/dailycashplan/","https://vid567.github.io/dailycashplan/?utm_source=threads&utm_medium=social&utm_campaign=dcp_beta_en&utm_content=dcp-042","content-creator.html","","",""
"DCP-043-en","DCP-043","DailyCashPlan","dcp","en","","Bills & debt","Overdrafts are often timing problems.

Income may arrive after bills leave.

Put payday and due dates together.
Then move a due date or reserve cash
before the expensive gap appears.

Try DailyCashPlan free:
https://vid567.github.io/dailycashplan/?utm_source=threads&utm_medium=social&utm_campaign=dcp_beta_en&utm_content=dcp-043

🌍 Available in 8 language/region versions.

DM me with your feedback.","401","threads","master","SOURCE","https://vid567.github.io/dailycashplan/","https://vid567.github.io/dailycashplan/?utm_source=threads&utm_medium=social&utm_campaign=dcp_beta_en&utm_content=dcp-043","content-creator.html","","",""
"DCP-044-en","DCP-044","DailyCashPlan","dcp","en","","Small wins","Before payday, give the next paycheck three jobs.

→ Cover essentials
→ Handle priority debt
→ Protect a small buffer

Decide before the money arrives.
Payday becomes calmer.

Try DailyCashPlan free:
https://vid567.github.io/dailycashplan/?utm_source=threads&utm_medium=social&utm_campaign=dcp_beta_en&utm_content=dcp-044

🌍 Available in 8 language/region versions.

DM me with your feedback.","393","threads","master","SOURCE","https://vid567.github.io/dailycashplan/","https://vid567.github.io/dailycashplan/?utm_source=threads&utm_medium=social&utm_campaign=dcp_beta_en&utm_content=dcp-044","content-creator.html","","",""
"DCP-045-en","DCP-045","DailyCashPlan","dcp","en","","Peace of mind","A bad spending day does not ruin the month.

Do not wait for Monday or next month.

Check what remains.
Adjust one category.
Continue with the next decision.

Try DailyCashPlan free:
https://vid567.github.io/dailycashplan/?utm_source=threads&utm_medium=social&utm_campaign=dcp_beta_en&utm_content=dcp-045

🌍 Available in 8 language/region versions.

DM me with your feedback.","376","threads","master","SOURCE","https://vid567.github.io/dailycashplan/","https://vid567.github.io/dailycashplan/?utm_source=threads&utm_medium=social&utm_campaign=dcp_beta_en&utm_content=dcp-045","content-creator.html","","",""
"DCP-046-en","DCP-046","DailyCashPlan","dcp","en","","Budget myths","Saving what is left rarely works.

There is often nothing left by accident.

Choose a small amount first.
Treat it like a bill.
Increase it only when the habit feels stable.

Try DailyCashPlan free:
https://vid567.github.io/dailycashplan/?utm_source=threads&utm_medium=social&utm_campaign=dcp_beta_en&utm_content=dcp-046

🌍 Available in 8 language/region versions.

DM me with your feedback.","392","threads","master","SOURCE","https://vid567.github.io/dailycashplan/","https://vid567.github.io/dailycashplan/?utm_source=threads&utm_medium=social&utm_campaign=dcp_beta_en&utm_content=dcp-046","content-creator.html","","",""
"DCP-047-en","DCP-047","DailyCashPlan","dcp","en","","Where did my money go?","Before: Can I afford this today?

After: Can I afford this
after bills, debt and tomorrow’s needs?

One better question
can prevent a week of stress.

Try DailyCashPlan free:
https://vid567.github.io/dailycashplan/?utm_source=threads&utm_medium=social&utm_campaign=dcp_beta_en&utm_content=dcp-047

🌍 Available in 8 language/region versions.

DM me with your feedback.","368","threads","master","SOURCE","https://vid567.github.io/dailycashplan/","https://vid567.github.io/dailycashplan/?utm_source=threads&utm_medium=social&utm_campaign=dcp_beta_en&utm_content=dcp-047","content-creator.html","","",""
"DCP-048-en","DCP-048","DailyCashPlan","dcp","en","","Small wins","Try a Sunday 10-minute money check-in.

→ Review the week
→ Check upcoming bills
→ Set one spending target
→ Plan one small win

Stop when the timer ends.

Try DailyCashPlan free:
https://vid567.github.io/dailycashplan/?utm_source=threads&utm_medium=social&utm_campaign=dcp_beta_en&utm_content=dcp-048

🌍 Available in 8 language/region versions.

DM me with your feedback.","373","threads","master","SOURCE","https://vid567.github.io/dailycashplan/","https://vid567.github.io/dailycashplan/?utm_source=threads&utm_medium=social&utm_campaign=dcp_beta_en&utm_content=dcp-048","content-creator.html","","",""
"DCP-049-en","DCP-049","DailyCashPlan","dcp","en","","Bills & debt","Extra debt payments should not create new debt.

Keep enough for essentials
and a small surprise.

A slower payment you can sustain
beats a heroic payment you must undo.

Try DailyCashPlan free:
https://vid567.github.io/dailycashplan/?utm_source=threads&utm_medium=social&utm_campaign=dcp_beta_en&utm_content=dcp-049

🌍 Available in 8 language/region versions.

DM me with your feedback.","388","threads","master","SOURCE","https://vid567.github.io/dailycashplan/","https://vid567.github.io/dailycashplan/?utm_source=threads&utm_medium=social&utm_campaign=dcp_beta_en&utm_content=dcp-049","content-creator.html","","",""
"DCP-050-en","DCP-050","DailyCashPlan","dcp","en","","Peace of mind","One page can be enough for a money plan.

If it shows what comes in,
what must go out
and what remains,
you can make the next decision
without rebuilding your whole life.

Try DailyCashPlan free:
https://vid567.github.io/dailycashplan/?utm_source=threads&utm_medium=social&utm_campaign=dcp_beta_en&utm_content=dcp-050

🌍 Available in 8 language/region versions.

DM me with your feedback.","389","threads","master","SOURCE","https://vid567.github.io/dailycashplan/","https://vid567.github.io/dailycashplan/?utm_source=threads&utm_medium=social&utm_campaign=dcp_beta_en&utm_content=dcp-050","content-creator.html","","",""
"DCP-001-nl","DCP-001","DailyCashPlan","dcp","nl","NL","Waar bleef mijn geld?","Weet waar je geld blijft.

Een koffie hier. Een rekening daar. Zet alles in één overzicht.

Probeer DailyCashPlan gratis 👇
https://bit.ly/dailycashplan

🤖 Vertaald met AI — taalfout gezien? Stuur me een DM.","208","threads","ai-translated","SOURCE","https://vid567.github.io/dailycashplan/","https://vid567.github.io/dailycashplan/?utm_source=threads&utm_medium=social&utm_campaign=dcp_beta_nl&utm_content=dcp-001","content-creator-nl.html","","",""
"DCP-002-nl","DCP-002","DailyCashPlan","dcp","nl","NL","Waar bleef mijn geld?","Volg je geld.

Geld komt binnen. Geld gaat eruit. Bekijk ook de kleine betalingen. Samen maken ze het verschil.

Probeer DailyCashPlan gratis 👇
https://bit.ly/dailycashplan

🤖 Vertaald met AI — taalfout gezien? Stuur me een DM.","229","threads","ai-translated","SOURCE","https://vid567.github.io/dailycashplan/","https://vid567.github.io/dailycashplan/?utm_source=threads&utm_medium=social&utm_campaign=dcp_beta_nl&utm_content=dcp-002","content-creator-nl.html","","",""
"DCP-003-nl","DCP-003","DailyCashPlan","dcp","nl","NL","Waar bleef mijn geld?","Tel wat je uitgeeft. Weet waar het naartoe gaat.

Begin met drie categorieën:
→ inkomen
→ uitgaven
→ schulden

Daar begint overzicht.

Probeer DailyCashPlan gratis 👇
https://bit.ly/dailycashplan

🤖 Vertaald met AI — taalfout gezien? Stuur me een DM.","251","threads","ai-translated","SOURCE","https://vid567.github.io/dailycashplan/","https://vid567.github.io/dailycashplan/?utm_source=threads&utm_medium=social&utm_campaign=dcp_beta_nl&utm_content=dcp-003","content-creator-nl.html","","",""
"DCP-004-nl","DCP-004","DailyCashPlan","dcp","nl","NL","Waar bleef mijn geld?","Bekijk hoe je geld stroomt.

Zet je hele maand in één eenvoudig overzicht. Verander daarna wat beter kan.

Probeer DailyCashPlan gratis 👇
https://bit.ly/dailycashplan

🤖 Vertaald met AI — taalfout gezien? Stuur me een DM.","223","threads","ai-translated","SOURCE","https://vid567.github.io/dailycashplan/","https://vid567.github.io/dailycashplan/?utm_source=threads&utm_medium=social&utm_campaign=dcp_beta_nl&utm_content=dcp-004","content-creator-nl.html","","",""
"DCP-005-nl","DCP-005","DailyCashPlan","dcp","nl","NL","Waar bleef mijn geld?","Kijk eerst naar de cijfers.

Kleine aankopen lijken onschuldig. Samen tellen ze op. Bekijk ze zonder oordeel.

Probeer DailyCashPlan gratis 👇
https://bit.ly/dailycashplan

🤖 Vertaald met AI — taalfout gezien? Stuur me een DM.","227","threads","ai-translated","SOURCE","https://vid567.github.io/dailycashplan/","https://vid567.github.io/dailycashplan/?utm_source=threads&utm_medium=social&utm_campaign=dcp_beta_nl&utm_content=dcp-005","content-creator-nl.html","","",""
"DCP-006-nl","DCP-006","DailyCashPlan","dcp","nl","NL","Rekeningen & schulden","Zet alle rekeningen in één duidelijk overzicht.

Bekijk daarna het totaal. Dat geeft duidelijkheid en kan rust geven.

Probeer DailyCashPlan gratis 👇
https://bit.ly/dailycashplan

🤖 Vertaald met AI — taalfout gezien? Stuur me een DM.","235","threads","ai-translated","SOURCE","https://vid567.github.io/dailycashplan/","https://vid567.github.io/dailycashplan/?utm_source=threads&utm_medium=social&utm_campaign=dcp_beta_nl&utm_content=dcp-006","content-creator-nl.html","","",""
"DCP-007-nl","DCP-007","DailyCashPlan","dcp","nl","NL","Rekeningen & schulden","Pak één schuld tegelijk aan.

Kies één volgende betaling. Zet daarna de volgende kleine stap.

Probeer DailyCashPlan gratis 👇
https://bit.ly/dailycashplan

🤖 Vertaald met AI — taalfout gezien? Stuur me een DM.","211","threads","ai-translated","SOURCE","https://vid567.github.io/dailycashplan/","https://vid567.github.io/dailycashplan/?utm_source=threads&utm_medium=social&utm_campaign=dcp_beta_nl&utm_content=dcp-007","content-creator-nl.html","","",""
"DCP-008-nl","DCP-008","DailyCashPlan","dcp","nl","NL","Rekeningen & schulden","Maak schulden overzichtelijk.

Kies daarna één realistische stap die je kunt blijven herhalen.

Probeer DailyCashPlan gratis 👇
https://bit.ly/dailycashplan

🤖 Vertaald met AI — taalfout gezien? Stuur me een DM.","212","threads","ai-translated","SOURCE","https://vid567.github.io/dailycashplan/","https://vid567.github.io/dailycashplan/?utm_source=threads&utm_medium=social&utm_campaign=dcp_beta_nl&utm_content=dcp-008","content-creator-nl.html","","",""
"DCP-009-nl","DCP-009","DailyCashPlan","dcp","nl","NL","Rekeningen & schulden","Breng je rekeningen in beeld.

Noteer wat je moet betalen, hoeveel en wanneer. Haal onzekerheid uit je administratie.

Probeer DailyCashPlan gratis 👇
https://bit.ly/dailycashplan

🤖 Vertaald met AI — taalfout gezien? Stuur me een DM.","235","threads","ai-translated","SOURCE","https://vid567.github.io/dailycashplan/","https://vid567.github.io/dailycashplan/?utm_source=threads&utm_medium=social&utm_campaign=dcp_beta_nl&utm_content=dcp-009","content-creator-nl.html","","",""
"DCP-010-nl","DCP-010","DailyCashPlan","dcp","nl","NL","Rekeningen & schulden","Zet al je schulden op een rij.

Bekijk wat je verschuldigd bent en kies daarna je volgende stap. Zonder oordeel.

Probeer DailyCashPlan gratis 👇
https://bit.ly/dailycashplan

🤖 Vertaald met AI — taalfout gezien? Stuur me een DM.","230","threads","ai-translated","SOURCE","https://vid567.github.io/dailycashplan/","https://vid567.github.io/dailycashplan/?utm_source=threads&utm_medium=social&utm_campaign=dcp_beta_nl&utm_content=dcp-010","content-creator-nl.html","","",""
"DCP-011-nl","DCP-011","DailyCashPlan","dcp","nl","NL","Budgetmythes","Houd je budget flexibel, maar je cijfers duidelijk.

Gebruik je geldplan om vooraf keuzes te maken.

Probeer DailyCashPlan gratis 👇
https://bit.ly/dailycashplan

🤖 Vertaald met AI — taalfout gezien? Stuur me een DM.","217","threads","ai-translated","SOURCE","https://vid567.github.io/dailycashplan/","https://vid567.github.io/dailycashplan/?utm_source=threads&utm_medium=social&utm_campaign=dcp_beta_nl&utm_content=dcp-011","content-creator-nl.html","","",""
"DCP-012-nl","DCP-012","DailyCashPlan","dcp","nl","NL","Budgetmythes","Begin met wat je weet.

Noteer eerst je inkomen, vaste rekeningen en totale schuld. De details kunnen later.

Probeer DailyCashPlan gratis 👇
https://bit.ly/dailycashplan

🤖 Vertaald met AI — taalfout gezien? Stuur me een DM.","226","threads","ai-translated","SOURCE","https://vid567.github.io/dailycashplan/","https://vid567.github.io/dailycashplan/?utm_source=threads&utm_medium=social&utm_campaign=dcp_beta_nl&utm_content=dcp-012","content-creator-nl.html","","",""
"DCP-013-nl","DCP-013","DailyCashPlan","dcp","nl","NL","Budgetmythes","Houd je budget eenvoudig.

Kies een overzicht dat je echt gebruikt in plaats van een ingewikkeld systeem dat je opgeeft.

Probeer DailyCashPlan gratis 👇
https://bit.ly/dailycashplan

🤖 Vertaald met AI — taalfout gezien? Stuur me een DM.","238","threads","ai-translated","SOURCE","https://vid567.github.io/dailycashplan/","https://vid567.github.io/dailycashplan/?utm_source=threads&utm_medium=social&utm_campaign=dcp_beta_nl&utm_content=dcp-013","content-creator-nl.html","","",""
"DCP-014-nl","DCP-014","DailyCashPlan","dcp","nl","NL","Budgetmythes","Laat schaamte buiten je overzicht.

Bekijk hoe je ervoor staat. Kies daarna je volgende stap.

Probeer DailyCashPlan gratis 👇
https://bit.ly/dailycashplan

🤖 Vertaald met AI — taalfout gezien? Stuur me een DM.","211","threads","ai-translated","SOURCE","https://vid567.github.io/dailycashplan/","https://vid567.github.io/dailycashplan/?utm_source=threads&utm_medium=social&utm_campaign=dcp_beta_nl&utm_content=dcp-014","content-creator-nl.html","","",""
"DCP-015-nl","DCP-015","DailyCashPlan","dcp","nl","NL","Budgetmythes","Weet waar je staat, ongeacht je inkomen.

Meer verdienen kan helpen. Financieel overzicht helpt bij ieder inkomensniveau.

Probeer DailyCashPlan gratis 👇
https://bit.ly/dailycashplan

🤖 Vertaald met AI — taalfout gezien? Stuur me een DM.","239","threads","ai-translated","SOURCE","https://vid567.github.io/dailycashplan/","https://vid567.github.io/dailycashplan/?utm_source=threads&utm_medium=social&utm_campaign=dcp_beta_nl&utm_content=dcp-015","content-creator-nl.html","","",""
"DCP-016-nl","DCP-016","DailyCashPlan","dcp","nl","NL","Kleine stappen","Maak vandaag een eenvoudige start.

Vul je inkomen, vaste lasten en totale schuld in. Dat is genoeg voor stap één.

Probeer DailyCashPlan gratis 👇
https://bit.ly/dailycashplan

🤖 Vertaald met AI — taalfout gezien? Stuur me een DM.","232","threads","ai-translated","SOURCE","https://vid567.github.io/dailycashplan/","https://vid567.github.io/dailycashplan/?utm_source=threads&utm_medium=social&utm_campaign=dcp_beta_nl&utm_content=dcp-016","content-creator-nl.html","","",""
"DCP-017-nl","DCP-017","DailyCashPlan","dcp","nl","NL","Kleine stappen","Maak eerst één duidelijk overzicht.

Je hebt geen perfect budget nodig. Zet op één pagina hoe je er vandaag voor staat.

Probeer DailyCashPlan gratis 👇
https://bit.ly/dailycashplan

🤖 Vertaald met AI — taalfout gezien? Stuur me een DM.","237","threads","ai-translated","SOURCE","https://vid567.github.io/dailycashplan/","https://vid567.github.io/dailycashplan/?utm_source=threads&utm_medium=social&utm_campaign=dcp_beta_nl&utm_content=dcp-017","content-creator-nl.html","","",""
"DCP-018-nl","DCP-018","DailyCashPlan","dcp","nl","NL","Kleine stappen","Kijk naar de feiten.

Open je overzicht, bekijk je cijfers en kies één actie.

Probeer DailyCashPlan gratis 👇
https://bit.ly/dailycashplan

🤖 Vertaald met AI — taalfout gezien? Stuur me een DM.","195","threads","ai-translated","SOURCE","https://vid567.github.io/dailycashplan/","https://vid567.github.io/dailycashplan/?utm_source=threads&utm_medium=social&utm_campaign=dcp_beta_nl&utm_content=dcp-018","content-creator-nl.html","","",""
"DCP-019-nl","DCP-019","DailyCashPlan","dcp","nl","NL","Kleine stappen","Begin klein met sparen.

Kies een bedrag dat je regelmatig kunt missen zonder extra stress. Ook een kleine buffer telt.

Probeer DailyCashPlan gratis 👇
https://bit.ly/dailycashplan

🤖 Vertaald met AI — taalfout gezien? Stuur me een DM.","237","threads","ai-translated","SOURCE","https://vid567.github.io/dailycashplan/","https://vid567.github.io/dailycashplan/?utm_source=threads&utm_medium=social&utm_campaign=dcp_beta_nl&utm_content=dcp-019","content-creator-nl.html","","",""
"DCP-020-nl","DCP-020","DailyCashPlan","dcp","nl","NL","Kleine stappen","Kies vandaag één actie.

→ zeg één ongebruikt abonnement op
→ plan één goedkopere maaltijd
→ los één klein extra bedrag af

Eén stap telt.

Probeer DailyCashPlan gratis 👇
https://bit.ly/dailycashplan

🤖 Vertaald met AI — taalfout gezien? Stuur me een DM.","256","threads","ai-translated","SOURCE","https://vid567.github.io/dailycashplan/","https://vid567.github.io/dailycashplan/?utm_source=threads&utm_medium=social&utm_campaign=dcp_beta_nl&utm_content=dcp-020","content-creator-nl.html","","",""
"DCP-021-nl","DCP-021","DailyCashPlan","dcp","nl","NL","Rust","Stop met gokken of je iets kunt betalen.

Bekijk wat er overblijft nadat je rekeningen zijn betaald.

Probeer DailyCashPlan gratis 👇
https://bit.ly/dailycashplan

🤖 Vertaald met AI — taalfout gezien? Stuur me een DM.","218","threads","ai-translated","SOURCE","https://vid567.github.io/dailycashplan/","https://vid567.github.io/dailycashplan/?utm_source=threads&utm_medium=social&utm_campaign=dcp_beta_nl&utm_content=dcp-021","content-creator-nl.html","","",""
"DCP-022-nl","DCP-022","DailyCashPlan","dcp","nl","NL","Rust","Maak je geldzaken zichtbaar.

Financiële rust begint met weten waar je staat.

Probeer DailyCashPlan gratis 👇
https://bit.ly/dailycashplan

🤖 Vertaald met AI — taalfout gezien? Stuur me een DM.","195","threads","ai-translated","SOURCE","https://vid567.github.io/dailycashplan/","https://vid567.github.io/dailycashplan/?utm_source=threads&utm_medium=social&utm_campaign=dcp_beta_nl&utm_content=dcp-022","content-creator-nl.html","","",""
"DCP-023-nl","DCP-023","DailyCashPlan","dcp","nl","NL","Rust","Vervang onzekerheid door overzicht.

Je lost niet iedere zorg direct op, maar één eerlijk overzicht maakt de volgende stap duidelijker.

Probeer DailyCashPlan gratis 👇
https://bit.ly/dailycashplan

🤖 Vertaald met AI — taalfout gezien? Stuur me een DM.","253","threads","ai-translated","SOURCE","https://vid567.github.io/dailycashplan/","https://vid567.github.io/dailycashplan/?utm_source=threads&utm_medium=social&utm_campaign=dcp_beta_nl&utm_content=dcp-023","content-creator-nl.html","","",""
"DCP-024-nl","DCP-024","DailyCashPlan","dcp","nl","NL","Rust","Bekijk regelmatig waar je geld naartoe gaat.

Maak het onbekende kleiner en bouw zo meer vertrouwen op.

Probeer DailyCashPlan gratis 👇
https://bit.ly/dailycashplan

🤖 Vertaald met AI — taalfout gezien? Stuur me een DM.","221","threads","ai-translated","SOURCE","https://vid567.github.io/dailycashplan/","https://vid567.github.io/dailycashplan/?utm_source=threads&utm_medium=social&utm_campaign=dcp_beta_nl&utm_content=dcp-024","content-creator-nl.html","","",""
"DCP-025-nl","DCP-025","DailyCashPlan","dcp","nl","NL","Rust","Is geld krap? Bekijk de cijfers.

Kies daarna je volgende stap en blijf vooruitgaan.

Probeer DailyCashPlan gratis 👇
https://bit.ly/dailycashplan

🤖 Vertaald met AI — taalfout gezien? Stuur me een DM.","202","threads","ai-translated","SOURCE","https://vid567.github.io/dailycashplan/","https://vid567.github.io/dailycashplan/?utm_source=threads&utm_medium=social&utm_campaign=dcp_beta_nl&utm_content=dcp-025","content-creator-nl.html","","",""
"DCP-026-nl","DCP-026","DailyCashPlan","dcp","nl","NL","Budgetmythes","Gebruik eerlijke cijfers vóór je salarisdag.

→ reken niet met het gunstigste scenario
→ vergeet onregelmatige kosten niet
→ laat ruimte voor het echte leven

Probeer DailyCashPlan gratis 👇
https://bit.ly/dailycashplan

🤖 Vertaald met AI — taalfout gezien? Stuur me een DM.","275","threads","ai-translated","SOURCE","https://vid567.github.io/dailycashplan/","https://vid567.github.io/dailycashplan/?utm_source=threads&utm_medium=social&utm_campaign=dcp_beta_nl&utm_content=dcp-026","content-creator-nl.html","","",""
"DCP-027-nl","DCP-027","DailyCashPlan","dcp","nl","NL","Rekeningen & schulden","Behandel schuld als een getal, niet als een oordeel.

Noteer het openstaande bedrag en de rente. Kies daarna de volgende betaling.

Probeer DailyCashPlan gratis 👇
https://bit.ly/dailycashplan

🤖 Vertaald met AI — taalfout gezien? Stuur me een DM.","248","threads","ai-translated","SOURCE","https://vid567.github.io/dailycashplan/","https://vid567.github.io/dailycashplan/?utm_source=threads&utm_medium=social&utm_campaign=dcp_beta_nl&utm_content=dcp-027","content-creator-nl.html","","",""
"DCP-028-nl","DCP-028","DailyCashPlan","dcp","nl","NL","Waar bleef mijn geld?","Kijk ook naar kleine uitgaven.

Bepaal eerst welk bedrag al vastligt. Bekijk daarna wat je nog kunt uitgeven.

Probeer DailyCashPlan gratis 👇
https://bit.ly/dailycashplan

🤖 Vertaald met AI — taalfout gezien? Stuur me een DM.","227","threads","ai-translated","SOURCE","https://vid567.github.io/dailycashplan/","https://vid567.github.io/dailycashplan/?utm_source=threads&utm_medium=social&utm_campaign=dcp_beta_nl&utm_content=dcp-028","content-creator-nl.html","","",""
"DCP-029-nl","DCP-029","DailyCashPlan","dcp","nl","NL","Kleine stappen","Doe vandaag een geld-reset van twee minuten:
→ controleer je saldo
→ bekijk de rekeningen van morgen
→ bepaal wat je vandaag kunt uitgeven

Voorkom verrassingen met een kleine routine.

Probeer DailyCashPlan gratis 👇
https://bit.ly/dailycashplan

🤖 Vertaald met AI — taalfout gezien? Stuur me een DM.","302","threads","ai-translated","SOURCE","https://vid567.github.io/dailycashplan/","https://vid567.github.io/dailycashplan/?utm_source=threads&utm_medium=social&utm_campaign=dcp_beta_nl&utm_content=dcp-029","content-creator-nl.html","","",""
"DCP-030-nl","DCP-030","DailyCashPlan","dcp","nl","NL","Rust","Open vandaag één rekening of account.

Cijfers vermijden geeft misschien even rust. Cijfers bekijken geeft duidelijkheid.

Probeer DailyCashPlan gratis 👇
https://bit.ly/dailycashplan

🤖 Vertaald met AI — taalfout gezien? Stuur me een DM.","239","threads","ai-translated","SOURCE","https://vid567.github.io/dailycashplan/","https://vid567.github.io/dailycashplan/?utm_source=threads&utm_medium=social&utm_campaign=dcp_beta_nl&utm_content=dcp-030","content-creator-nl.html","","",""
"DCP-031-nl","DCP-031","DailyCashPlan","dcp","nl","NL","Kleine stappen","Begin je noodbuffer klein.

€5 is ook een begin. Herhaal het wanneer het kan en bouw zo ademruimte op.

Probeer DailyCashPlan gratis 👇
https://bit.ly/dailycashplan

🤖 Vertaald met AI — taalfout gezien? Stuur me een DM.","220","threads","ai-translated","SOURCE","https://vid567.github.io/dailycashplan/","https://vid567.github.io/dailycashplan/?utm_source=threads&utm_medium=social&utm_campaign=dcp_beta_nl&utm_content=dcp-031","content-creator-nl.html","","",""
"DCP-032-nl","DCP-032","DailyCashPlan","dcp","nl","NL","Waar bleef mijn geld?","Zoek terugkerende betalingen.

Open je laatste bankafschrift. Houd abonnementen die je gebruikt en zeg de rest op.

Probeer DailyCashPlan gratis 👇
https://bit.ly/dailycashplan

🤖 Vertaald met AI — taalfout gezien? Stuur me een DM.","232","threads","ai-translated","SOURCE","https://vid567.github.io/dailycashplan/","https://vid567.github.io/dailycashplan/?utm_source=threads&utm_medium=social&utm_campaign=dcp_beta_nl&utm_content=dcp-032","content-creator-nl.html","","",""
"DCP-033-nl","DCP-033","DailyCashPlan","dcp","nl","NL","Kleine stappen","Wacht 24 uur met niet-noodzakelijke aankopen.

Bewaar het artikel, sluit de pagina en beslis morgen opnieuw.

Probeer DailyCashPlan gratis 👇
https://bit.ly/dailycashplan

🤖 Vertaald met AI — taalfout gezien? Stuur me een DM.","226","threads","ai-translated","SOURCE","https://vid567.github.io/dailycashplan/","https://vid567.github.io/dailycashplan/?utm_source=threads&utm_medium=social&utm_campaign=dcp_beta_nl&utm_content=dcp-033","content-creator-nl.html","","",""
"DCP-034-nl","DCP-034","DailyCashPlan","dcp","nl","NL","Waar bleef mijn geld?","Plan ook voor vermoeide dagen.

Houd twee goedkope, makkelijke maaltijden achter de hand.

Probeer DailyCashPlan gratis 👇
https://bit.ly/dailycashplan

🤖 Vertaald met AI — taalfout gezien? Stuur me een DM.","207","threads","ai-translated","SOURCE","https://vid567.github.io/dailycashplan/","https://vid567.github.io/dailycashplan/?utm_source=threads&utm_medium=social&utm_campaign=dcp_beta_nl&utm_content=dcp-034","content-creator-nl.html","","",""
"DCP-035-nl","DCP-035","DailyCashPlan","dcp","nl","NL","Kleine stappen","Gebruik een dag zonder uitgaven als informatie.

Bekijk waarom het lukte en herhaal wat werkte.

Probeer DailyCashPlan gratis 👇
https://bit.ly/dailycashplan

🤖 Vertaald met AI — taalfout gezien? Stuur me een DM.","213","threads","ai-translated","SOURCE","https://vid567.github.io/dailycashplan/","https://vid567.github.io/dailycashplan/?utm_source=threads&utm_medium=social&utm_campaign=dcp_beta_nl&utm_content=dcp-035","content-creator-nl.html","","",""
"DCP-036-nl","DCP-036","DailyCashPlan","dcp","nl","NL","Rekeningen & schulden","Kijk verder dan het minimumbedrag van je creditcard.

Bekijk het minimum, de rente en een realistisch extra bedrag dat je kunt aflossen.

Probeer DailyCashPlan gratis 👇
https://bit.ly/dailycashplan

🤖 Vertaald met AI — taalfout gezien? Stuur me een DM.","254","threads","ai-translated","SOURCE","https://vid567.github.io/dailycashplan/","https://vid567.github.io/dailycashplan/?utm_source=threads&utm_medium=social&utm_campaign=dcp_beta_nl&utm_content=dcp-036","content-creator-nl.html","","",""
"DCP-037-nl","DCP-037","DailyCashPlan","dcp","nl","NL","Budgetmythes","Laat ruimte voor leuke dingen.

Geef leuke uitgaven een grens die bij je budget past. Een plan zonder ademruimte houd je moeilijk vol.

Probeer DailyCashPlan gratis 👇
https://bit.ly/dailycashplan

🤖 Vertaald met AI — taalfout gezien? Stuur me een DM.","252","threads","ai-translated","SOURCE","https://vid567.github.io/dailycashplan/","https://vid567.github.io/dailycashplan/?utm_source=threads&utm_medium=social&utm_campaign=dcp_beta_nl&utm_content=dcp-037","content-creator-nl.html","","",""
"DCP-038-nl","DCP-038","DailyCashPlan","dcp","nl","NL","Waar bleef mijn geld?","Plan vóór de maand begint.

Kijk vooruit naar verjaardagen, jaarlijkse verlengingen en school- of reiskosten.

Probeer DailyCashPlan gratis 👇
https://bit.ly/dailycashplan

🤖 Vertaald met AI — taalfout gezien? Stuur me een DM.","227","threads","ai-translated","SOURCE","https://vid567.github.io/dailycashplan/","https://vid567.github.io/dailycashplan/?utm_source=threads&utm_medium=social&utm_campaign=dcp_beta_nl&utm_content=dcp-038","content-creator-nl.html","","",""
"DCP-039-nl","DCP-039","DailyCashPlan","dcp","nl","NL","Rust","Zet losse eindjes op één plek.

Noteer rekeningen, schulden en betaaldatums in één overzicht.

Probeer DailyCashPlan gratis 👇
https://bit.ly/dailycashplan

🤖 Vertaald met AI — taalfout gezien? Stuur me een DM.","211","threads","ai-translated","SOURCE","https://vid567.github.io/dailycashplan/","https://vid567.github.io/dailycashplan/?utm_source=threads&utm_medium=social&utm_campaign=dcp_beta_nl&utm_content=dcp-039","content-creator-nl.html","","",""
"DCP-040-nl","DCP-040","DailyCashPlan","dcp","nl","NL","Budgetmythes","Gebruik niet meer categorieën dan nodig.

Begin met inkomen, vaste en noodzakelijke kosten, flexibele uitgaven, schulden en spaargeld.

Probeer DailyCashPlan gratis 👇
https://bit.ly/dailycashplan

🤖 Vertaald met AI — taalfout gezien? Stuur me een DM.","252","threads","ai-translated","SOURCE","https://vid567.github.io/dailycashplan/","https://vid567.github.io/dailycashplan/?utm_source=threads&utm_medium=social&utm_campaign=dcp_beta_nl&utm_content=dcp-040","content-creator-nl.html","","",""
"DCP-041-nl","DCP-041","DailyCashPlan","dcp","nl","NL","Rust","Bouw vertrouwen op met kleine acties.

Bekijk één cijfer. Maak één keuze. Herhaal wat werkt.

Probeer DailyCashPlan gratis 👇
https://bit.ly/dailycashplan

🤖 Vertaald met AI — taalfout gezien? Stuur me een DM.","210","threads","ai-translated","SOURCE","https://vid567.github.io/dailycashplan/","https://vid567.github.io/dailycashplan/?utm_source=threads&utm_medium=social&utm_campaign=dcp_beta_nl&utm_content=dcp-041","content-creator-nl.html","","",""
"DCP-042-nl","DCP-042","DailyCashPlan","dcp","nl","NL","Waar bleef mijn geld?","Kijk wekelijks terug op je uitgaven.

Vraag: wat verraste me, wat kan anders en wat ging goed? Gebruik je overzicht om betere keuzes te maken.

Probeer DailyCashPlan gratis 👇
https://bit.ly/dailycashplan

🤖 Vertaald met AI — taalfout gezien? Stuur me een DM.","260","threads","ai-translated","SOURCE","https://vid567.github.io/dailycashplan/","https://vid567.github.io/dailycashplan/?utm_source=threads&utm_medium=social&utm_campaign=dcp_beta_nl&utm_content=dcp-042","content-creator-nl.html","","",""
"DCP-043-nl","DCP-043","DailyCashPlan","dcp","nl","NL","Rekeningen & schulden","Vergelijk betaaldagen met vervaldatums.

Zie een mogelijk tekort voordat het ontstaat en plan op tijd.

Probeer DailyCashPlan gratis 👇
https://bit.ly/dailycashplan

🤖 Vertaald met AI — taalfout gezien? Stuur me een DM.","220","threads","ai-translated","SOURCE","https://vid567.github.io/dailycashplan/","https://vid567.github.io/dailycashplan/?utm_source=threads&utm_medium=social&utm_campaign=dcp_beta_nl&utm_content=dcp-043","content-creator-nl.html","","",""
"DCP-044-nl","DCP-044","DailyCashPlan","dcp","nl","NL","Kleine stappen","Maak een tijdelijke besparing als dat nodig is.

Kies in een krappe maand één uitgave om te verlagen of over te slaan. Beslis volgende maand opnieuw.

Probeer DailyCashPlan gratis 👇
https://bit.ly/dailycashplan

🤖 Vertaald met AI — taalfout gezien? Stuur me een DM.","267","threads","ai-translated","SOURCE","https://vid567.github.io/dailycashplan/","https://vid567.github.io/dailycashplan/?utm_source=threads&utm_medium=social&utm_campaign=dcp_beta_nl&utm_content=dcp-044","content-creator-nl.html","","",""
"DCP-045-nl","DCP-045","DailyCashPlan","dcp","nl","NL","Rust","Maak een plan dat ook in een slechte maand werkt.

Laat ruimte over voor onverwachte kosten en bouw waar mogelijk een kleine buffer in.

Probeer DailyCashPlan gratis 👇
https://bit.ly/dailycashplan

🤖 Vertaald met AI — taalfout gezien? Stuur me een DM.","253","threads","ai-translated","SOURCE","https://vid567.github.io/dailycashplan/","https://vid567.github.io/dailycashplan/?utm_source=threads&utm_medium=social&utm_campaign=dcp_beta_nl&utm_content=dcp-045","content-creator-nl.html","","",""
"DCP-046-nl","DCP-046","DailyCashPlan","dcp","nl","NL","Kleine stappen","Noteer kleine financiële overwinningen.

Een rekening op tijd betaald? Een impulsaankoop overgeslagen? €10 gespaard? Maak je vooruitgang zichtbaar.

Probeer DailyCashPlan gratis 👇
https://bit.ly/dailycashplan

🤖 Vertaald met AI — taalfout gezien? Stuur me een DM.","265","threads","ai-translated","SOURCE","https://vid567.github.io/dailycashplan/","https://vid567.github.io/dailycashplan/?utm_source=threads&utm_medium=social&utm_campaign=dcp_beta_nl&utm_content=dcp-046","content-creator-nl.html","","",""
"DCP-047-nl","DCP-047","DailyCashPlan","dcp","nl","NL","Budgetmythes","Werk eerst je bestaande cijfers bij.

Je hebt niet altijd een nieuw budget nodig. Actualiseer je overzicht en beslis daarna opnieuw.

Probeer DailyCashPlan gratis 👇
https://bit.ly/dailycashplan

🤖 Vertaald met AI — taalfout gezien? Stuur me een DM.","250","threads","ai-translated","SOURCE","https://vid567.github.io/dailycashplan/","https://vid567.github.io/dailycashplan/?utm_source=threads&utm_medium=social&utm_campaign=dcp_beta_nl&utm_content=dcp-047","content-creator-nl.html","","",""
"DCP-048-nl","DCP-048","DailyCashPlan","dcp","nl","NL","Rust","Kijk vooruit naar toekomstige kosten.

Denk aan jaarlijkse betalingen, onderhoud, zorgkosten en cadeaus. Niet iedere toekomstige uitgave hoeft een verrassing te zijn.

Probeer DailyCashPlan gratis 👇
https://bit.ly/dailycashplan

🤖 Vertaald met AI — taalfout gezien? Stuur me een DM.","284","threads","ai-translated","SOURCE","https://vid567.github.io/dailycashplan/","https://vid567.github.io/dailycashplan/?utm_source=threads&utm_medium=social&utm_campaign=dcp_beta_nl&utm_content=dcp-048","content-creator-nl.html","","",""
"DCP-049-nl","DCP-049","DailyCashPlan","dcp","nl","NL","Budgetmythes","Maak je geldplan bruikbaar, niet indrukwekkend.

Zorg dat je snel ziet wat binnenkomt, wat eruit gaat en wat overblijft.

Probeer DailyCashPlan gratis 👇
https://bit.ly/dailycashplan

🤖 Vertaald met AI — taalfout gezien? Stuur me een DM.","238","threads","ai-translated","SOURCE","https://vid567.github.io/dailycashplan/","https://vid567.github.io/dailycashplan/?utm_source=threads&utm_medium=social&utm_campaign=dcp_beta_nl&utm_content=dcp-049","content-creator-nl.html","","",""
"DCP-050-nl","DCP-050","DailyCashPlan","dcp","nl","NL","Kleine stappen","Begin vandaag.

Maak je financiële situatie zichtbaar. Houd het eenvoudig. Kies één volgende stap en bouw morgen verder.

Probeer DailyCashPlan gratis 👇
https://bit.ly/dailycashplan

🤖 Vertaald met AI — taalfout gezien? Stuur me een DM.","238","threads","ai-translated","SOURCE","https://vid567.github.io/dailycashplan/","https://vid567.github.io/dailycashplan/?utm_source=threads&utm_medium=social&utm_campaign=dcp_beta_nl&utm_content=dcp-050","content-creator-nl.html","","",""
"PP-001-en","PP-001","PantryPlan","pp","en","","Relatable story","I bought eggs yesterday.

Got home.
Opened the fridge.

There were already 18 eggs.

Not because I forgot.
Because I had no overview.

Try PantryPlan free 👇
https://vid567.github.io/pantryplan/?utm_source=threads&utm_medium=social&utm_campaign=pp_beta_en&utm_content=pp-001

🌍 Available in 8 language/region versions.

DM me with your feedback.","346","threads","master","SOURCE","https://vid567.github.io/pantryplan/","https://vid567.github.io/pantryplan/?utm_source=threads&utm_medium=social&utm_campaign=pp_beta_en&utm_content=pp-001","content-creator.html","","",""
"PP-002-en","PP-002","PantryPlan","pp","en","","Relatable story","I kept buying pasta.

Every week.

Last weekend I counted...

11 unopened packs.

Apparently my memory is not inventory.

Try PantryPlan free 👇
https://vid567.github.io/pantryplan/?utm_source=threads&utm_medium=social&utm_campaign=pp_beta_en&utm_content=pp-002

🌍 Available in 8 language/region versions.

DM me with your feedback.","333","threads","master","SOURCE","https://vid567.github.io/pantryplan/","https://vid567.github.io/pantryplan/?utm_source=threads&utm_medium=social&utm_campaign=pp_beta_en&utm_content=pp-002","content-creator.html","","",""
"PP-003-en","PP-003","PantryPlan","pp","en","","Shopping clarity","Ever stood in the supermarket thinking...

Do we still have rice?

You guess.
Sometimes you are right.

Usually you buy another bag.

Try PantryPlan free 👇
https://vid567.github.io/pantryplan/?utm_source=threads&utm_medium=social&utm_campaign=pp_beta_en&utm_content=pp-003

🌍 Available in 8 language/region versions.

DM me with your feedback.","345","threads","master","SOURCE","https://vid567.github.io/pantryplan/","https://vid567.github.io/pantryplan/?utm_source=threads&utm_medium=social&utm_campaign=pp_beta_en&utm_content=pp-003","content-creator.html","","",""
"PP-004-en","PP-004","PantryPlan","pp","en","","Waste & duplicates","The problem is not shopping.

It is shopping without knowing
what is already at home.

That is where money disappears.

Try PantryPlan free 👇
https://vid567.github.io/pantryplan/?utm_source=threads&utm_medium=social&utm_campaign=pp_beta_en&utm_content=pp-004

🌍 Available in 8 language/region versions.

DM me with your feedback.","331","threads","master","SOURCE","https://vid567.github.io/pantryplan/","https://vid567.github.io/pantryplan/?utm_source=threads&utm_medium=social&utm_campaign=pp_beta_en&utm_content=pp-004","content-creator.html","","",""
"PP-005-en","PP-005","PantryPlan","pp","en","","Waste & duplicates","I threw away food again.

Not because it expired yesterday.

Because I forgot it existed.

Try PantryPlan free 👇
https://vid567.github.io/pantryplan/?utm_source=threads&utm_medium=social&utm_campaign=pp_beta_en&utm_content=pp-005

🌍 Available in 8 language/region versions.

DM me with your feedback.","302","threads","master","SOURCE","https://vid567.github.io/pantryplan/","https://vid567.github.io/pantryplan/?utm_source=threads&utm_medium=social&utm_campaign=pp_beta_en&utm_content=pp-005","content-creator.html","","",""
"PP-006-en","PP-006","PantryPlan","pp","en","","Relatable story","My cupboard looked full.

Dinner options?
None.

Turns out I had ingredients...

Just not an overview.

Try PantryPlan free 👇
https://vid567.github.io/pantryplan/?utm_source=threads&utm_medium=social&utm_campaign=pp_beta_en&utm_content=pp-006

🌍 Available in 8 language/region versions.

DM me with your feedback.","315","threads","master","SOURCE","https://vid567.github.io/pantryplan/","https://vid567.github.io/pantryplan/?utm_source=threads&utm_medium=social&utm_campaign=pp_beta_en&utm_content=pp-006","content-creator.html","","",""
"PP-007-en","PP-007","PantryPlan","pp","en","","Waste & duplicates","We both bought coffee.

My partner bought coffee.
I bought coffee.

We already had coffee.

Communication was not the problem.

Try PantryPlan free 👇
https://vid567.github.io/pantryplan/?utm_source=threads&utm_medium=social&utm_campaign=pp_beta_en&utm_content=pp-007

🌍 Available in 8 language/region versions.

DM me with your feedback.","339","threads","master","SOURCE","https://vid567.github.io/pantryplan/","https://vid567.github.io/pantryplan/?utm_source=threads&utm_medium=social&utm_campaign=pp_beta_en&utm_content=pp-007","content-creator.html","","",""
"PP-008-en","PP-008","PantryPlan","pp","en","","Shopping clarity","A shopping list helps.

Knowing what is already in your pantry
helps even more.

Try PantryPlan free 👇
https://vid567.github.io/pantryplan/?utm_source=threads&utm_medium=social&utm_campaign=pp_beta_en&utm_content=pp-008

🌍 Available in 8 language/region versions.

DM me with your feedback.","292","threads","master","SOURCE","https://vid567.github.io/pantryplan/","https://vid567.github.io/pantryplan/?utm_source=threads&utm_medium=social&utm_campaign=pp_beta_en&utm_content=pp-008","content-creator.html","","",""
"PP-009-en","PP-009","PantryPlan","pp","en","","Relatable story","I used sticky notes.

Then paper.
Then spreadsheets.

None of them survived grocery day.

Try PantryPlan free 👇
https://vid567.github.io/pantryplan/?utm_source=threads&utm_medium=social&utm_campaign=pp_beta_en&utm_content=pp-009

🌍 Available in 8 language/region versions.

DM me with your feedback.","301","threads","master","SOURCE","https://vid567.github.io/pantryplan/","https://vid567.github.io/pantryplan/?utm_source=threads&utm_medium=social&utm_campaign=pp_beta_en&utm_content=pp-009","content-creator.html","","",""
"PP-010-en","PP-010","PantryPlan","pp","en","","Waste & duplicates","The cheapest groceries...

Are the ones you do not buy twice.

Try PantryPlan free 👇
https://vid567.github.io/pantryplan/?utm_source=threads&utm_medium=social&utm_campaign=pp_beta_en&utm_content=pp-010

🌍 Available in 8 language/region versions.

DM me with your feedback.","274","threads","master","SOURCE","https://vid567.github.io/pantryplan/","https://vid567.github.io/pantryplan/?utm_source=threads&utm_medium=social&utm_campaign=pp_beta_en&utm_content=pp-010","content-creator.html","","",""
"PP-011-en","PP-011","PantryPlan","pp","en","","Easy input","Typing milk, bread and eggs gets old.

Saying them out loud
takes seconds.

That is why PantryPlan supports voice input.

Try PantryPlan free 👇
https://vid567.github.io/pantryplan/?utm_source=threads&utm_medium=social&utm_campaign=pp_beta_en&utm_content=pp-011

🌍 Available in 8 language/region versions.

DM me with your feedback.","333","threads","master","SOURCE","https://vid567.github.io/pantryplan/","https://vid567.github.io/pantryplan/?utm_source=threads&utm_medium=social&utm_campaign=pp_beta_en&utm_content=pp-011","content-creator.html","","",""
"PP-012-en","PP-012","PantryPlan","pp","en","","Easy input","I started adding photos to pantry items.

Finding the right product
became much easier.

Funny how one picture
can save so much time.

Try PantryPlan free 👇
https://vid567.github.io/pantryplan/?utm_source=threads&utm_medium=social&utm_campaign=pp_beta_en&utm_content=pp-012

🌍 Available in 8 language/region versions.

DM me with your feedback.","346","threads","master","SOURCE","https://vid567.github.io/pantryplan/","https://vid567.github.io/pantryplan/?utm_source=threads&utm_medium=social&utm_campaign=pp_beta_en&utm_content=pp-012","content-creator.html","","",""
"PP-013-en","PP-013","PantryPlan","pp","en","","Shopping clarity","Most people organize their shopping.

Very few organize
the place they are shopping for.

Try PantryPlan free 👇
https://vid567.github.io/pantryplan/?utm_source=threads&utm_medium=social&utm_campaign=pp_beta_en&utm_content=pp-013

🌍 Available in 8 language/region versions.

DM me with your feedback.","301","threads","master","SOURCE","https://vid567.github.io/pantryplan/","https://vid567.github.io/pantryplan/?utm_source=threads&utm_medium=social&utm_campaign=pp_beta_en&utm_content=pp-013","content-creator.html","","",""
"PP-014-en","PP-014","PantryPlan","pp","en","","Shopping clarity","Every grocery trip used to include:

I think we need...

Now I can check before I buy.

Try PantryPlan free 👇
https://vid567.github.io/pantryplan/?utm_source=threads&utm_medium=social&utm_campaign=pp_beta_en&utm_content=pp-014

🌍 Available in 8 language/region versions.

DM me with your feedback.","299","threads","master","SOURCE","https://vid567.github.io/pantryplan/","https://vid567.github.io/pantryplan/?utm_source=threads&utm_medium=social&utm_campaign=pp_beta_en&utm_content=pp-014","content-creator.html","","",""
"PP-015-en","PP-015","PantryPlan","pp","en","","Simple & private","My memory is not bad.

It is just overloaded.

So I stopped relying on it.

Try PantryPlan free 👇
https://vid567.github.io/pantryplan/?utm_source=threads&utm_medium=social&utm_campaign=pp_beta_en&utm_content=pp-015

🌍 Available in 8 language/region versions.

DM me with your feedback.","287","threads","master","SOURCE","https://vid567.github.io/pantryplan/","https://vid567.github.io/pantryplan/?utm_source=threads&utm_medium=social&utm_campaign=pp_beta_en&utm_content=pp-015","content-creator.html","","",""
"PP-016-en","PP-016","PantryPlan","pp","en","","Waste & duplicates","Food waste is not always about buying too much.

Sometimes it is simply forgetting
what you already own.

Try PantryPlan free 👇
https://vid567.github.io/pantryplan/?utm_source=threads&utm_medium=social&utm_campaign=pp_beta_en&utm_content=pp-016

🌍 Available in 8 language/region versions.

DM me with your feedback.","317","threads","master","SOURCE","https://vid567.github.io/pantryplan/","https://vid567.github.io/pantryplan/?utm_source=threads&utm_medium=social&utm_campaign=pp_beta_en&utm_content=pp-016","content-creator.html","","",""
"PP-017-en","PP-017","PantryPlan","pp","en","","Shopping clarity","One small habit.

Check the pantry.
Then go shopping.

That is it.

Try PantryPlan free 👇
https://vid567.github.io/pantryplan/?utm_source=threads&utm_medium=social&utm_campaign=pp_beta_en&utm_content=pp-017

🌍 Available in 8 language/region versions.

DM me with your feedback.","279","threads","master","SOURCE","https://vid567.github.io/pantryplan/","https://vid567.github.io/pantryplan/?utm_source=threads&utm_medium=social&utm_campaign=pp_beta_en&utm_content=pp-017","content-creator.html","","",""
"PP-018-en","PP-018","PantryPlan","pp","en","","Simple & private","No subscription.

No account.
No complicated setup.

Just open it and start.

Try PantryPlan free 👇
https://vid567.github.io/pantryplan/?utm_source=threads&utm_medium=social&utm_campaign=pp_beta_en&utm_content=pp-018

🌍 Available in 8 language/region versions.

DM me with your feedback.","289","threads","master","SOURCE","https://vid567.github.io/pantryplan/","https://vid567.github.io/pantryplan/?utm_source=threads&utm_medium=social&utm_campaign=pp_beta_en&utm_content=pp-018","content-creator.html","","",""
"PP-019-en","PP-019","PantryPlan","pp","en","","Simple & private","Everything stays on your device.

That is exactly where
I want my pantry list.

Try PantryPlan free 👇
https://vid567.github.io/pantryplan/?utm_source=threads&utm_medium=social&utm_campaign=pp_beta_en&utm_content=pp-019

🌍 Available in 8 language/region versions.

DM me with your feedback.","291","threads","master","SOURCE","https://vid567.github.io/pantryplan/","https://vid567.github.io/pantryplan/?utm_source=threads&utm_medium=social&utm_campaign=pp_beta_en&utm_content=pp-019","content-creator.html","","",""
"PP-020-en","PP-020","PantryPlan","pp","en","","Simple & private","Internet down?

No problem.

Your pantry still works offline
after the first load.

Try PantryPlan free 👇
https://vid567.github.io/pantryplan/?utm_source=threads&utm_medium=social&utm_campaign=pp_beta_en&utm_content=pp-020

🌍 Available in 8 language/region versions.

DM me with your feedback.","295","threads","master","SOURCE","https://vid567.github.io/pantryplan/","https://vid567.github.io/pantryplan/?utm_source=threads&utm_medium=social&utm_campaign=pp_beta_en&utm_content=pp-020","content-creator.html","","",""
"PP-021-en","PP-021","PantryPlan","pp","en","","Simple & private","The goal is not a perfect pantry.

The goal is finding things
when you need them.

Try PantryPlan free 👇
https://vid567.github.io/pantryplan/?utm_source=threads&utm_medium=social&utm_campaign=pp_beta_en&utm_content=pp-021

🌍 Available in 8 language/region versions.

DM me with your feedback.","294","threads","master","SOURCE","https://vid567.github.io/pantryplan/","https://vid567.github.io/pantryplan/?utm_source=threads&utm_medium=social&utm_campaign=pp_beta_en&utm_content=pp-021","content-creator.html","","",""
"PP-022-en","PP-022","PantryPlan","pp","en","","Waste & duplicates","One forgotten can.

One forgotten bottle.
One forgotten bag.

Multiply that by a year.

Try PantryPlan free 👇
https://vid567.github.io/pantryplan/?utm_source=threads&utm_medium=social&utm_campaign=pp_beta_en&utm_content=pp-022

🌍 Available in 8 language/region versions.

DM me with your feedback.","299","threads","master","SOURCE","https://vid567.github.io/pantryplan/","https://vid567.github.io/pantryplan/?utm_source=threads&utm_medium=social&utm_campaign=pp_beta_en&utm_content=pp-022","content-creator.html","","",""
"PP-023-en","PP-023","PantryPlan","pp","en","","Relatable story","I do not need another productivity app.

I just need to know
whether I already have ketchup.

Try PantryPlan free 👇
https://vid567.github.io/pantryplan/?utm_source=threads&utm_medium=social&utm_campaign=pp_beta_en&utm_content=pp-023

🌍 Available in 8 language/region versions.

DM me with your feedback.","305","threads","master","SOURCE","https://vid567.github.io/pantryplan/","https://vid567.github.io/pantryplan/?utm_source=threads&utm_medium=social&utm_campaign=pp_beta_en&utm_content=pp-023","content-creator.html","","",""
"PP-024-en","PP-024","PantryPlan","pp","en","","Shopping clarity","The best grocery decision...

Sometimes happens
before leaving home.

Try PantryPlan free 👇
https://vid567.github.io/pantryplan/?utm_source=threads&utm_medium=social&utm_campaign=pp_beta_en&utm_content=pp-024

🌍 Available in 8 language/region versions.

DM me with your feedback.","281","threads","master","SOURCE","https://vid567.github.io/pantryplan/","https://vid567.github.io/pantryplan/?utm_source=threads&utm_medium=social&utm_campaign=pp_beta_en&utm_content=pp-024","content-creator.html","","",""
"PP-025-en","PP-025","PantryPlan","pp","en","","Shopping clarity","A simple pantry creates simpler shopping.

Less guessing.
Less waste.
Less spending.

That is the goal.

Try PantryPlan free 👇
https://vid567.github.io/pantryplan/?utm_source=threads&utm_medium=social&utm_campaign=pp_beta_en&utm_content=pp-025

🌍 Available in 8 language/region versions.

DM me with your feedback.","316","threads","master","SOURCE","https://vid567.github.io/pantryplan/","https://vid567.github.io/pantryplan/?utm_source=threads&utm_medium=social&utm_campaign=pp_beta_en&utm_content=pp-025","content-creator.html","","",""
"PP-026-en","PP-026","PantryPlan","pp","en","","Waste & duplicates","Why did I buy another jar?

Because the first one was hiding.

→ Check before shopping
→ Move older items forward
→ Add what you already own

Visible food gets used.

Try PantryPlan free:
https://vid567.github.io/pantryplan/?utm_source=threads&utm_medium=social&utm_campaign=pp_beta_en&utm_content=pp-026

🌍 Available in 8 language/region versions.

DM me with your feedback.","376","threads","master","SOURCE","https://vid567.github.io/pantryplan/","https://vid567.github.io/pantryplan/?utm_source=threads&utm_medium=social&utm_campaign=pp_beta_en&utm_content=pp-026","content-creator.html","","",""
"PP-027-en","PP-027","PantryPlan","pp","en","","Waste & duplicates","Expired food often starts with forgotten food.

Put soon-to-expire items
where you can see them.

Plan one meal around them.
A small check can save a full bag.

Try PantryPlan free:
https://vid567.github.io/pantryplan/?utm_source=threads&utm_medium=social&utm_campaign=pp_beta_en&utm_content=pp-027

🌍 Available in 8 language/region versions.

DM me with your feedback.","370","threads","master","SOURCE","https://vid567.github.io/pantryplan/","https://vid567.github.io/pantryplan/?utm_source=threads&utm_medium=social&utm_campaign=pp_beta_en&utm_content=pp-027","content-creator.html","","",""
"PP-028-en","PP-028","PantryPlan","pp","en","","Shopping clarity","Try the five-minute pantry challenge.

→ Open one cupboard
→ Add what you use most
→ Note what is running low
→ Stop after five minutes

Quick beats perfect.

Try PantryPlan free:
https://vid567.github.io/pantryplan/?utm_source=threads&utm_medium=social&utm_campaign=pp_beta_en&utm_content=pp-028

🌍 Available in 8 language/region versions.

DM me with your feedback.","368","threads","master","SOURCE","https://vid567.github.io/pantryplan/","https://vid567.github.io/pantryplan/?utm_source=threads&utm_medium=social&utm_campaign=pp_beta_en&utm_content=pp-028","content-creator.html","","",""
"PP-029-en","PP-029","PantryPlan","pp","en","","Shopping clarity","Meal planning starts with what you own.

Check your pantry first.
Then choose meals.
Then build the list.

That order saves money
and prevents extra shopping.

Try PantryPlan free:
https://vid567.github.io/pantryplan/?utm_source=threads&utm_medium=social&utm_campaign=pp_beta_en&utm_content=pp-029

🌍 Available in 8 language/region versions.

DM me with your feedback.","369","threads","master","SOURCE","https://vid567.github.io/pantryplan/","https://vid567.github.io/pantryplan/?utm_source=threads&utm_medium=social&utm_campaign=pp_beta_en&utm_content=pp-029","content-creator.html","","",""
"PP-030-en","PP-030","PantryPlan","pp","en","","Easy input","Too tired to type a grocery list?

Say the item instead.

Voice input can capture
milk, rice or soap in seconds.
The easier the habit,
the more likely it lasts.

Try PantryPlan free:
https://vid567.github.io/pantryplan/?utm_source=threads&utm_medium=social&utm_campaign=pp_beta_en&utm_content=pp-030

🌍 Available in 8 language/region versions.

DM me with your feedback.","371","threads","master","SOURCE","https://vid567.github.io/pantryplan/","https://vid567.github.io/pantryplan/?utm_source=threads&utm_medium=social&utm_campaign=pp_beta_en&utm_content=pp-030","content-creator.html","","",""
"PP-031-en","PP-031","PantryPlan","pp","en","","Easy input","A product photo can beat a long label.

Add a clear photo
when brands look similar.

You can spot the right item faster
without reading every detail.

Try PantryPlan free:
https://vid567.github.io/pantryplan/?utm_source=threads&utm_medium=social&utm_campaign=pp_beta_en&utm_content=pp-031

🌍 Available in 8 language/region versions.

DM me with your feedback.","360","threads","master","SOURCE","https://vid567.github.io/pantryplan/","https://vid567.github.io/pantryplan/?utm_source=threads&utm_medium=social&utm_campaign=pp_beta_en&utm_content=pp-031","content-creator.html","","",""
"PP-032-en","PP-032","PantryPlan","pp","en","","Shopping clarity","The list should change when your pantry changes.

Use what is running low
to build the next shopping list.

Less memory work.
Fewer missed items.
Fewer extras.

Try PantryPlan free:
https://vid567.github.io/pantryplan/?utm_source=threads&utm_medium=social&utm_campaign=pp_beta_en&utm_content=pp-032

🌍 Available in 8 language/region versions.

DM me with your feedback.","370","threads","master","SOURCE","https://vid567.github.io/pantryplan/","https://vid567.github.io/pantryplan/?utm_source=threads&utm_medium=social&utm_campaign=pp_beta_en&utm_content=pp-032","content-creator.html","","",""
"PP-033-en","PP-033","PantryPlan","pp","en","","Relatable story","Two people. Two shopping trips. Four milks.

Nobody made a bad choice.
Nobody had the full picture.

A shared check before leaving
can prevent the duplicate.

Try PantryPlan free:
https://vid567.github.io/pantryplan/?utm_source=threads&utm_medium=social&utm_campaign=pp_beta_en&utm_content=pp-033

🌍 Available in 8 language/region versions.

DM me with your feedback.","368","threads","master","SOURCE","https://vid567.github.io/pantryplan/","https://vid567.github.io/pantryplan/?utm_source=threads&utm_medium=social&utm_campaign=pp_beta_en&utm_content=pp-033","content-creator.html","","",""
"PP-034-en","PP-034","PantryPlan","pp","en","","Simple & private","People with ADHD do not need more guilt.

They need less to remember.

→ Add items when you notice them
→ Use photos for quick recognition
→ Check one list before shopping

Try PantryPlan free:
https://vid567.github.io/pantryplan/?utm_source=threads&utm_medium=social&utm_campaign=pp_beta_en&utm_content=pp-034

🌍 Available in 8 language/region versions.

DM me with your feedback.","382","threads","master","SOURCE","https://vid567.github.io/pantryplan/","https://vid567.github.io/pantryplan/?utm_source=threads&utm_medium=social&utm_campaign=pp_beta_en&utm_content=pp-034","content-creator.html","","",""
"PP-035-en","PP-035","PantryPlan","pp","en","","Shopping clarity","Quick tip for cheaper grocery trips.

Choose a spending limit.
Check what is at home.
Buy from the list first.

Three small steps
reduce supermarket guesswork.

Try PantryPlan free:
https://vid567.github.io/pantryplan/?utm_source=threads&utm_medium=social&utm_campaign=pp_beta_en&utm_content=pp-035

🌍 Available in 8 language/region versions.

DM me with your feedback.","370","threads","master","SOURCE","https://vid567.github.io/pantryplan/","https://vid567.github.io/pantryplan/?utm_source=threads&utm_medium=social&utm_campaign=pp_beta_en&utm_content=pp-035","content-creator.html","","",""
"PP-036-en","PP-036","PantryPlan","pp","en","","Waste & duplicates","Decluttering is not throwing everything away.

Start with one shelf.

→ Group similar items
→ Move older food forward
→ Add useful items to inventory

Make the shelf easier to use.

Try PantryPlan free:
https://vid567.github.io/pantryplan/?utm_source=threads&utm_medium=social&utm_campaign=pp_beta_en&utm_content=pp-036

🌍 Available in 8 language/region versions.

DM me with your feedback.","391","threads","master","SOURCE","https://vid567.github.io/pantryplan/","https://vid567.github.io/pantryplan/?utm_source=threads&utm_medium=social&utm_campaign=pp_beta_en&utm_content=pp-036","content-creator.html","","",""
"PP-037-en","PP-037","PantryPlan","pp","en","","Easy input","Barcode scanning saves the boring part.

Scan when a code is available.
Add details only when needed.

A quick entry today
can prevent a duplicate next week.

Try PantryPlan free:
https://vid567.github.io/pantryplan/?utm_source=threads&utm_medium=social&utm_campaign=pp_beta_en&utm_content=pp-037

🌍 Available in 8 language/region versions.

DM me with your feedback.","368","threads","master","SOURCE","https://vid567.github.io/pantryplan/","https://vid567.github.io/pantryplan/?utm_source=threads&utm_medium=social&utm_campaign=pp_beta_en&utm_content=pp-037","content-creator.html","","",""
"PP-038-en","PP-038","PantryPlan","pp","en","","Relatable story","The supermarket aisle felt like a memory test.

Do we have cereal?
Is the oil nearly empty?

Now I check the inventory.
The decision takes seconds.

Try PantryPlan free:
https://vid567.github.io/pantryplan/?utm_source=threads&utm_medium=social&utm_campaign=pp_beta_en&utm_content=pp-038

🌍 Available in 8 language/region versions.

DM me with your feedback.","358","threads","master","SOURCE","https://vid567.github.io/pantryplan/","https://vid567.github.io/pantryplan/?utm_source=threads&utm_medium=social&utm_campaign=pp_beta_en&utm_content=pp-038","content-creator.html","","",""
"PP-039-en","PP-039","PantryPlan","pp","en","","Simple & private","Myth: home inventory needs hours of setup.

Begin with ten common items.
Add more as you use them.

Your inventory can grow
with your normal routine.

Try PantryPlan free:
https://vid567.github.io/pantryplan/?utm_source=threads&utm_medium=social&utm_campaign=pp_beta_en&utm_content=pp-039

🌍 Available in 8 language/region versions.

DM me with your feedback.","360","threads","master","SOURCE","https://vid567.github.io/pantryplan/","https://vid567.github.io/pantryplan/?utm_source=threads&utm_medium=social&utm_campaign=pp_beta_en&utm_content=pp-039","content-creator.html","","",""
"PP-040-en","PP-040","PantryPlan","pp","en","","Shopping clarity","Before: buying just in case.

After: checking what is at home.

The difference is one small habit.
It saves cupboard space
and keeps the receipt shorter.

Try PantryPlan free:
https://vid567.github.io/pantryplan/?utm_source=threads&utm_medium=social&utm_campaign=pp_beta_en&utm_content=pp-040

🌍 Available in 8 language/region versions.

DM me with your feedback.","364","threads","master","SOURCE","https://vid567.github.io/pantryplan/","https://vid567.github.io/pantryplan/?utm_source=threads&utm_medium=social&utm_campaign=pp_beta_en&utm_content=pp-040","content-creator.html","","",""
"PP-041-en","PP-041","PantryPlan","pp","en","","Simple & private","Your grocery list can stay private.

No account is required.
Your inventory stays on your device.

Simple tools can be useful
without collecting your household data.

Try PantryPlan free:
https://vid567.github.io/pantryplan/?utm_source=threads&utm_medium=social&utm_campaign=pp_beta_en&utm_content=pp-041

🌍 Available in 8 language/region versions.

DM me with your feedback.","376","threads","master","SOURCE","https://vid567.github.io/pantryplan/","https://vid567.github.io/pantryplan/?utm_source=threads&utm_medium=social&utm_campaign=pp_beta_en&utm_content=pp-041","content-creator.html","","",""
"PP-042-en","PP-042","PantryPlan","pp","en","","Waste & duplicates","Use one before buying one.

Pick one forgotten pantry item.
Plan it into this week.

Then replace it only if needed.
That is a tiny food-waste win.

Try PantryPlan free:
https://vid567.github.io/pantryplan/?utm_source=threads&utm_medium=social&utm_campaign=pp_beta_en&utm_content=pp-042

🌍 Available in 8 language/region versions.

DM me with your feedback.","358","threads","master","SOURCE","https://vid567.github.io/pantryplan/","https://vid567.github.io/pantryplan/?utm_source=threads&utm_medium=social&utm_campaign=pp_beta_en&utm_content=pp-042","content-creator.html","","",""
"PP-043-en","PP-043","PantryPlan","pp","en","","Shopping clarity","A weekly grocery reset takes ten minutes.

→ Check low-stock items
→ Review the shopping list
→ Find food to use soon
→ Plan two easy meals

Then stop.

Try PantryPlan free:
https://vid567.github.io/pantryplan/?utm_source=threads&utm_medium=social&utm_campaign=pp_beta_en&utm_content=pp-043

🌍 Available in 8 language/region versions.

DM me with your feedback.","362","threads","master","SOURCE","https://vid567.github.io/pantryplan/","https://vid567.github.io/pantryplan/?utm_source=threads&utm_medium=social&utm_campaign=pp_beta_en&utm_content=pp-043","content-creator.html","","",""
"PP-044-en","PP-044","PantryPlan","pp","en","","Relatable story","A full cupboard can still feel empty.

Food is hard to use
when you cannot see what is there.

Group similar items.
Keep a simple inventory.
Dinner becomes easier.

Try PantryPlan free:
https://vid567.github.io/pantryplan/?utm_source=threads&utm_medium=social&utm_campaign=pp_beta_en&utm_content=pp-044

🌍 Available in 8 language/region versions.

DM me with your feedback.","374","threads","master","SOURCE","https://vid567.github.io/pantryplan/","https://vid567.github.io/pantryplan/?utm_source=threads&utm_medium=social&utm_campaign=pp_beta_en&utm_content=pp-044","content-creator.html","","",""
"PP-045-en","PP-045","PantryPlan","pp","en","","Shopping clarity","Do not make your list in the supermarket.

Make it while checking the kitchen.

You will remember more,
buy fewer backups
and spend less time in the aisles.

Try PantryPlan free:
https://vid567.github.io/pantryplan/?utm_source=threads&utm_medium=social&utm_campaign=pp_beta_en&utm_content=pp-045

🌍 Available in 8 language/region versions.

DM me with your feedback.","367","threads","master","SOURCE","https://vid567.github.io/pantryplan/","https://vid567.github.io/pantryplan/?utm_source=threads&utm_medium=social&utm_campaign=pp_beta_en&utm_content=pp-045","content-creator.html","","",""
"PP-046-en","PP-046","PantryPlan","pp","en","","Easy input","The best inventory habit happens in the moment.

Used the last can? Update it.
Opened a new pack? Update it.

Ten seconds now
prevents guessing later.

Try PantryPlan free:
https://vid567.github.io/pantryplan/?utm_source=threads&utm_medium=social&utm_campaign=pp_beta_en&utm_content=pp-046

🌍 Available in 8 language/region versions.

DM me with your feedback.","361","threads","master","SOURCE","https://vid567.github.io/pantryplan/","https://vid567.github.io/pantryplan/?utm_source=threads&utm_medium=social&utm_campaign=pp_beta_en&utm_content=pp-046","content-creator.html","","",""
"PP-047-en","PP-047","PantryPlan","pp","en","","Waste & duplicates","Buying in bulk is not always saving.

It only saves money
when the food gets used.

Check space, current stock
and real usage before buying more.

Try PantryPlan free:
https://vid567.github.io/pantryplan/?utm_source=threads&utm_medium=social&utm_campaign=pp_beta_en&utm_content=pp-047

🌍 Available in 8 language/region versions.

DM me with your feedback.","356","threads","master","SOURCE","https://vid567.github.io/pantryplan/","https://vid567.github.io/pantryplan/?utm_source=threads&utm_medium=social&utm_campaign=pp_beta_en&utm_content=pp-047","content-creator.html","","",""
"PP-048-en","PP-048","PantryPlan","pp","en","","Simple & private","Inventory confidence feels surprisingly calm.

You know what is available.
You know what is low.
You know what to buy.

No perfect kitchen required.

Try PantryPlan free:
https://vid567.github.io/pantryplan/?utm_source=threads&utm_medium=social&utm_campaign=pp_beta_en&utm_content=pp-048

🌍 Available in 8 language/region versions.

DM me with your feedback.","359","threads","master","SOURCE","https://vid567.github.io/pantryplan/","https://vid567.github.io/pantryplan/?utm_source=threads&utm_medium=social&utm_campaign=pp_beta_en&utm_content=pp-048","content-creator.html","","",""
"PP-049-en","PP-049","PantryPlan","pp","en","","Relatable story","Grocery stress often begins before the store.

No plan. No clear list.
No idea what is at home.

A two-minute inventory check
can make the whole trip easier.

Try PantryPlan free:
https://vid567.github.io/pantryplan/?utm_source=threads&utm_medium=social&utm_campaign=pp_beta_en&utm_content=pp-049

🌍 Available in 8 language/region versions.

DM me with your feedback.","368","threads","master","SOURCE","https://vid567.github.io/pantryplan/","https://vid567.github.io/pantryplan/?utm_source=threads&utm_medium=social&utm_campaign=pp_beta_en&utm_content=pp-049","content-creator.html","","",""
"PP-050-en","PP-050","PantryPlan","pp","en","","Shopping clarity","Today, check only one kitchen zone.

Fridge, freezer or cupboard.
Not all three.

Add the important items.
Small daily habits
build a useful inventory.

Try PantryPlan free:
https://vid567.github.io/pantryplan/?utm_source=threads&utm_medium=social&utm_campaign=pp_beta_en&utm_content=pp-050

🌍 Available in 8 language/region versions.

DM me with your feedback.","362","threads","master","SOURCE","https://vid567.github.io/pantryplan/","https://vid567.github.io/pantryplan/?utm_source=threads&utm_medium=social&utm_campaign=pp_beta_en&utm_content=pp-050","content-creator.html","","",""
"PP-001-nl","PP-001","PantryPlan","pp","nl","NL","Herkenbaar","Koop niet opnieuw wat al thuis ligt.

Ik kocht eieren. Thuis lagen er al 18. Niet vergeten — gewoon geen overzicht.

Probeer PantryPlan gratis 👇
https://bit.ly/pantryplan

🤖 Vertaald met AI — taalfout gezien? Stuur me een DM.","227","threads","ai-translated","SOURCE","https://vid567.github.io/pantryplan/","https://vid567.github.io/pantryplan/?utm_source=threads&utm_medium=social&utm_campaign=pp_beta_nl&utm_content=pp-001","content-creator-nl.html","","",""
"PP-002-nl","PP-002","PantryPlan","pp","nl","NL","Herkenbaar","Gebruik je geheugen niet als voorraadlijst.

Ik bleef pasta kopen. Uiteindelijk lagen er 11 ongeopende pakken.

Probeer PantryPlan gratis 👇
https://bit.ly/pantryplan

🤖 Vertaald met AI — taalfout gezien? Stuur me een DM.","222","threads","ai-translated","SOURCE","https://vid567.github.io/pantryplan/","https://vid567.github.io/pantryplan/?utm_source=threads&utm_medium=social&utm_campaign=pp_beta_nl&utm_content=pp-002","content-creator-nl.html","","",""
"PP-003-nl","PP-003","PantryPlan","pp","nl","NL","Herkenbaar","Twijfel je in de winkel of je nog rijst hebt? Controleer eerst je voorraad. Gokken levert vaak nóg een zak op.

Probeer PantryPlan gratis 👇
https://bit.ly/pantryplan

🤖 Vertaald met AI — taalfout gezien? Stuur me een DM.","222","threads","ai-translated","SOURCE","https://vid567.github.io/pantryplan/","https://vid567.github.io/pantryplan/?utm_source=threads&utm_medium=social&utm_campaign=pp_beta_nl&utm_content=pp-003","content-creator-nl.html","","",""
"PP-004-nl","PP-004","PantryPlan","pp","nl","NL","Herkenbaar","Doe boodschappen met overzicht.

Weet eerst wat thuis ligt. Zo voorkom je ongemerkt dubbele aankopen.

Probeer PantryPlan gratis 👇
https://bit.ly/pantryplan

🤖 Vertaald met AI — taalfout gezien? Stuur me een DM.","213","threads","ai-translated","SOURCE","https://vid567.github.io/pantryplan/","https://vid567.github.io/pantryplan/?utm_source=threads&utm_medium=social&utm_campaign=pp_beta_nl&utm_content=pp-004","content-creator-nl.html","","",""
"PP-005-nl","PP-005","PantryPlan","pp","nl","NL","Herkenbaar","Maak zichtbaar wat je al hebt.

Eten weggooien begint vaak met vergeten dat het achterin de kast staat.

Probeer PantryPlan gratis 👇
https://bit.ly/pantryplan

🤖 Vertaald met AI — taalfout gezien? Stuur me een DM.","215","threads","ai-translated","SOURCE","https://vid567.github.io/pantryplan/","https://vid567.github.io/pantryplan/?utm_source=threads&utm_medium=social&utm_campaign=pp_beta_nl&utm_content=pp-005","content-creator-nl.html","","",""
"PP-006-nl","PP-006","PantryPlan","pp","nl","NL","Herkenbaar","Kijk verder dan een volle voorraadkast.

Weet wat erin zit en maak daar je maaltijd mee.

Probeer PantryPlan gratis 👇
https://bit.ly/pantryplan

🤖 Vertaald met AI — taalfout gezien? Stuur me een DM.","200","threads","ai-translated","SOURCE","https://vid567.github.io/pantryplan/","https://vid567.github.io/pantryplan/?utm_source=threads&utm_medium=social&utm_campaign=pp_beta_nl&utm_content=pp-006","content-creator-nl.html","","",""
"PP-007-nl","PP-007","PantryPlan","pp","nl","NL","Herkenbaar","Deel één voorraadbeeld.

Mijn partner kocht koffie. Ik ook. En thuis stond al koffie.

Probeer PantryPlan gratis 👇
https://bit.ly/pantryplan

🤖 Vertaald met AI — taalfout gezien? Stuur me een DM.","197","threads","ai-translated","SOURCE","https://vid567.github.io/pantryplan/","https://vid567.github.io/pantryplan/?utm_source=threads&utm_medium=social&utm_campaign=pp_beta_nl&utm_content=pp-007","content-creator-nl.html","","",""
"PP-008-nl","PP-008","PantryPlan","pp","nl","NL","Herkenbaar","Controleer eerst thuis. Maak daarna je boodschappenlijst.

Weten wat je hebt werkt beter dan alleen opschrijven wat je wilt kopen.

Probeer PantryPlan gratis 👇
https://bit.ly/pantryplan

🤖 Vertaald met AI — taalfout gezien? Stuur me een DM.","242","threads","ai-translated","SOURCE","https://vid567.github.io/pantryplan/","https://vid567.github.io/pantryplan/?utm_source=threads&utm_medium=social&utm_campaign=pp_beta_nl&utm_content=pp-008","content-creator-nl.html","","",""
"PP-009-nl","PP-009","PantryPlan","pp","nl","NL","Herkenbaar","Houd voorraad bij op een manier die je volhoudt.

Plakbriefjes en spreadsheets helpen alleen als je ze echt blijft gebruiken.

Probeer PantryPlan gratis 👇
https://bit.ly/pantryplan

🤖 Vertaald met AI — taalfout gezien? Stuur me een DM.","237","threads","ai-translated","SOURCE","https://vid567.github.io/pantryplan/","https://vid567.github.io/pantryplan/?utm_source=threads&utm_medium=social&utm_campaign=pp_beta_nl&utm_content=pp-009","content-creator-nl.html","","",""
"PP-010-nl","PP-010","PantryPlan","pp","nl","NL","Herkenbaar","Voorkom de goedkoopste miskoop: iets opnieuw kopen terwijl het thuis nog in de kast staat.

Probeer PantryPlan gratis 👇
https://bit.ly/pantryplan

🤖 Vertaald met AI — taalfout gezien? Stuur me een DM.","202","threads","ai-translated","SOURCE","https://vid567.github.io/pantryplan/","https://vid567.github.io/pantryplan/?utm_source=threads&utm_medium=social&utm_campaign=pp_beta_nl&utm_content=pp-010","content-creator-nl.html","","",""
"PP-011-nl","PP-011","PantryPlan","pp","nl","NL","Gebruik","Houd het simpel: scan een product, pas het aantal aan, klaar.

Hoe minder werk, hoe makkelijker je de voorraad bijhoudt.

Probeer PantryPlan gratis 👇
https://bit.ly/pantryplan

🤖 Vertaald met AI — taalfout gezien? Stuur me een DM.","232","threads","ai-translated","SOURCE","https://vid567.github.io/pantryplan/","https://vid567.github.io/pantryplan/?utm_source=threads&utm_medium=social&utm_campaign=pp_beta_nl&utm_content=pp-011","content-creator-nl.html","","",""
"PP-012-nl","PP-012","PantryPlan","pp","nl","NL","Gebruik","Maak invoeren sneller dan boodschappen doen.

Scan → bekijk → pas aan → verder.

Probeer PantryPlan gratis 👇
https://bit.ly/pantryplan

🤖 Vertaald met AI — taalfout gezien? Stuur me een DM.","191","threads","ai-translated","SOURCE","https://vid567.github.io/pantryplan/","https://vid567.github.io/pantryplan/?utm_source=threads&utm_medium=social&utm_campaign=pp_beta_nl&utm_content=pp-012","content-creator-nl.html","","",""
"PP-013-nl","PP-013","PantryPlan","pp","nl","NL","Gebruik","Scan de barcode in plaats van steeds productnamen te typen.

Een kleine handeling maakt voorraad bijhouden veel praktischer.

Probeer PantryPlan gratis 👇
https://bit.ly/pantryplan

🤖 Vertaald met AI — taalfout gezien? Stuur me een DM.","236","threads","ai-translated","SOURCE","https://vid567.github.io/pantryplan/","https://vid567.github.io/pantryplan/?utm_source=threads&utm_medium=social&utm_campaign=pp_beta_nl&utm_content=pp-013","content-creator-nl.html","","",""
"PP-014-nl","PP-014","PantryPlan","pp","nl","NL","Gebruik","Wordt een barcode niet herkend? Voeg het product handmatig toe.

Automatiseer waar het werkt en houd een eenvoudige uitweg.

Probeer PantryPlan gratis 👇
https://bit.ly/pantryplan

🤖 Vertaald met AI — taalfout gezien? Stuur me een DM.","235","threads","ai-translated","SOURCE","https://vid567.github.io/pantryplan/","https://vid567.github.io/pantryplan/?utm_source=threads&utm_medium=social&utm_campaign=pp_beta_nl&utm_content=pp-014","content-creator-nl.html","","",""
"PP-015-nl","PP-015","PantryPlan","pp","nl","NL","Gebruik","Werk aantallen direct bij.

+1 gekocht. -1 gebruikt. Zo blijft je voorraad bruikbaar.

Probeer PantryPlan gratis 👇
https://bit.ly/pantryplan

🤖 Vertaald met AI — taalfout gezien? Stuur me een DM.","197","threads","ai-translated","SOURCE","https://vid567.github.io/pantryplan/","https://vid567.github.io/pantryplan/?utm_source=threads&utm_medium=social&utm_campaign=pp_beta_nl&utm_content=pp-015","content-creator-nl.html","","",""
"PP-016-nl","PP-016","PantryPlan","pp","nl","NL","Gebruik","Tel wat er echt in een multipack zit.

Zes flessen zijn niet hetzelfde als één verpakking.

Probeer PantryPlan gratis 👇
https://bit.ly/pantryplan

🤖 Vertaald met AI — taalfout gezien? Stuur me een DM.","202","threads","ai-translated","SOURCE","https://vid567.github.io/pantryplan/","https://vid567.github.io/pantryplan/?utm_source=threads&utm_medium=social&utm_campaign=pp_beta_nl&utm_content=pp-016","content-creator-nl.html","","",""
"PP-017-nl","PP-017","PantryPlan","pp","nl","NL","Gebruik","Check je voorraad in de winkel.

Je telefoon heb je toch bij je. Kijk vóór iets opnieuw in je mandje belandt.

Probeer PantryPlan gratis 👇
https://bit.ly/pantryplan

🤖 Vertaald met AI — taalfout gezien? Stuur me een DM.","221","threads","ai-translated","SOURCE","https://vid567.github.io/pantryplan/","https://vid567.github.io/pantryplan/?utm_source=threads&utm_medium=social&utm_campaign=pp_beta_nl&utm_content=pp-017","content-creator-nl.html","","",""
"PP-018-nl","PP-018","PantryPlan","pp","nl","NL","Gebruik","Werk je voorraad meteen bij.

Product gebruikt? Tik op -. Nieuw gekocht? Tik op +.

Probeer PantryPlan gratis 👇
https://bit.ly/pantryplan

🤖 Vertaald met AI — taalfout gezien? Stuur me een DM.","194","threads","ai-translated","SOURCE","https://vid567.github.io/pantryplan/","https://vid567.github.io/pantryplan/?utm_source=threads&utm_medium=social&utm_campaign=pp_beta_nl&utm_content=pp-018","content-creator-nl.html","","",""
"PP-019-nl","PP-019","PantryPlan","pp","nl","NL","Gebruik","Koppel voorraad aan je boodschappenlijst.

Zie wat bijna op is en voeg het meteen toe.

Probeer PantryPlan gratis 👇
https://bit.ly/pantryplan

🤖 Vertaald met AI — taalfout gezien? Stuur me een DM.","198","threads","ai-translated","SOURCE","https://vid567.github.io/pantryplan/","https://vid567.github.io/pantryplan/?utm_source=threads&utm_medium=social&utm_campaign=pp_beta_nl&utm_content=pp-019","content-creator-nl.html","","",""
"PP-020-nl","PP-020","PantryPlan","pp","nl","NL","Gebruik","Gebruik foto’s om producten sneller te herkennen.

Dat scheelt zoeken in een lange voorraadlijst.

Probeer PantryPlan gratis 👇
https://bit.ly/pantryplan

🤖 Vertaald met AI — taalfout gezien? Stuur me een DM.","209","threads","ai-translated","SOURCE","https://vid567.github.io/pantryplan/","https://vid567.github.io/pantryplan/?utm_source=threads&utm_medium=social&utm_campaign=pp_beta_nl&utm_content=pp-020","content-creator-nl.html","","",""
"PP-021-nl","PP-021","PantryPlan","pp","nl","NL","Besparen","Voorkom één dubbele aankoop per week.

Je voorraadlijst hoeft niet perfect te zijn om al geld te besparen.

Probeer PantryPlan gratis 👇
https://bit.ly/pantryplan

🤖 Vertaald met AI — taalfout gezien? Stuur me een DM.","218","threads","ai-translated","SOURCE","https://vid567.github.io/pantryplan/","https://vid567.github.io/pantryplan/?utm_source=threads&utm_medium=social&utm_campaign=pp_beta_nl&utm_content=pp-021","content-creator-nl.html","","",""
"PP-022-nl","PP-022","PantryPlan","pp","nl","NL","Besparen","Maak zichtbaar wat je hebt, hoeveel en waar.

Zo voorkom je: “Ik wist niet dat we dit nog hadden.”

Probeer PantryPlan gratis 👇
https://bit.ly/pantryplan

🤖 Vertaald met AI — taalfout gezien? Stuur me een DM.","210","threads","ai-translated","SOURCE","https://vid567.github.io/pantryplan/","https://vid567.github.io/pantryplan/?utm_source=threads&utm_medium=social&utm_campaign=pp_beta_nl&utm_content=pp-022","content-creator-nl.html","","",""
"PP-023-nl","PP-023","PantryPlan","pp","nl","NL","Besparen","Maak je volle kast leesbaar.

Vol is niet hetzelfde als weten wat erin zit.

Probeer PantryPlan gratis 👇
https://bit.ly/pantryplan

🤖 Vertaald met AI — taalfout gezien? Stuur me een DM.","187","threads","ai-translated","SOURCE","https://vid567.github.io/pantryplan/","https://vid567.github.io/pantryplan/?utm_source=threads&utm_medium=social&utm_campaign=pp_beta_nl&utm_content=pp-023","content-creator-nl.html","","",""
"PP-024-nl","PP-024","PantryPlan","pp","nl","NL","Besparen","Controleer je voorraad vóór je boodschappen doet.

Dat kost minder tijd dan dubbele producten opslaan en later weggooien.

Probeer PantryPlan gratis 👇
https://bit.ly/pantryplan

🤖 Vertaald met AI — taalfout gezien? Stuur me een DM.","233","threads","ai-translated","SOURCE","https://vid567.github.io/pantryplan/","https://vid567.github.io/pantryplan/?utm_source=threads&utm_medium=social&utm_campaign=pp_beta_nl&utm_content=pp-024","content-creator-nl.html","","",""
"PP-025-nl","PP-025","PantryPlan","pp","nl","NL","Besparen","Gebruik eerst wat je al hebt.

Besparen begint niet altijd bij aanbiedingen. Eerst voorraad, dan boodschappenlijst.

Probeer PantryPlan gratis 👇
https://bit.ly/pantryplan

🤖 Vertaald met AI — taalfout gezien? Stuur me een DM.","227","threads","ai-translated","SOURCE","https://vid567.github.io/pantryplan/","https://vid567.github.io/pantryplan/?utm_source=threads&utm_medium=social&utm_campaign=pp_beta_nl&utm_content=pp-025","content-creator-nl.html","","",""
"PP-026-nl","PP-026","PantryPlan","pp","nl","NL","Besparen","Houd ook huishoudelijke voorraad bij: schoonmaakmiddelen, toiletpapier en verzorgingsproducten.

Probeer PantryPlan gratis 👇
https://bit.ly/pantryplan

🤖 Vertaald met AI — taalfout gezien? Stuur me een DM.","207","threads","ai-translated","SOURCE","https://vid567.github.io/pantryplan/","https://vid567.github.io/pantryplan/?utm_source=threads&utm_medium=social&utm_campaign=pp_beta_nl&utm_content=pp-026","content-creator-nl.html","","",""
"PP-027-nl","PP-027","PantryPlan","pp","nl","NL","Besparen","Gebruik aantallen, geen gevoel.

3 pakken pasta, 1 fles afwasmiddel en 0 rollen keukenpapier is duidelijk.

Probeer PantryPlan gratis 👇
https://bit.ly/pantryplan

🤖 Vertaald met AI — taalfout gezien? Stuur me een DM.","218","threads","ai-translated","SOURCE","https://vid567.github.io/pantryplan/","https://vid567.github.io/pantryplan/?utm_source=threads&utm_medium=social&utm_campaign=pp_beta_nl&utm_content=pp-027","content-creator-nl.html","","",""
"PP-028-nl","PP-028","PantryPlan","pp","nl","NL","Besparen","Begin je boodschappenlijst met wat bijna op is.

Voeg daarna alleen toe wat je echt nodig hebt.

Probeer PantryPlan gratis 👇
https://bit.ly/pantryplan

🤖 Vertaald met AI — taalfout gezien? Stuur me een DM.","207","threads","ai-translated","SOURCE","https://vid567.github.io/pantryplan/","https://vid567.github.io/pantryplan/?utm_source=threads&utm_medium=social&utm_campaign=pp_beta_nl&utm_content=pp-028","content-creator-nl.html","","",""
"PP-029-nl","PP-029","PantryPlan","pp","nl","NL","Besparen","Streef niet naar perfecte administratie.

Streef naar minder vaak denken: “Hadden we dit niet al?”

Probeer PantryPlan gratis 👇
https://bit.ly/pantryplan

🤖 Vertaald met AI — taalfout gezien? Stuur me een DM.","210","threads","ai-translated","SOURCE","https://vid567.github.io/pantryplan/","https://vid567.github.io/pantryplan/?utm_source=threads&utm_medium=social&utm_campaign=pp_beta_nl&utm_content=pp-029","content-creator-nl.html","","",""
"PP-030-nl","PP-030","PantryPlan","pp","nl","NL","Besparen","Maak er een vast ritme van:
Na boodschappen → verhoog voorraad.
Na gebruik → verlaag voorraad.
Voor boodschappen → controleer je lijst.

Probeer PantryPlan gratis 👇
https://bit.ly/pantryplan

🤖 Vertaald met AI — taalfout gezien? Stuur me een DM.","247","threads","ai-translated","SOURCE","https://vid567.github.io/pantryplan/","https://vid567.github.io/pantryplan/?utm_source=threads&utm_medium=social&utm_campaign=pp_beta_nl&utm_content=pp-030","content-creator-nl.html","","",""
"PP-031-nl","PP-031","PantryPlan","pp","nl","NL","Beta","Test PantryPlan in het echte leven.

Zie je iets onhandigs? Stuur feedback. Juist daarmee wordt de Beta beter.

Probeer PantryPlan gratis 👇
https://bit.ly/pantryplan

🤖 Vertaald met AI — taalfout gezien? Stuur me een DM.","222","threads","ai-translated","SOURCE","https://vid567.github.io/pantryplan/","https://vid567.github.io/pantryplan/?utm_source=threads&utm_medium=social&utm_campaign=pp_beta_nl&utm_content=pp-031","content-creator-nl.html","","",""
"PP-032-nl","PP-032","PantryPlan","pp","nl","NL","Beta","Gebruik PantryPlan in een normaal huishouden.

Dingen raken op, iemand vergeet iets en soms koop je dubbel. Daarvoor bouwen we dit.

Probeer PantryPlan gratis 👇
https://bit.ly/pantryplan

🤖 Vertaald met AI — taalfout gezien? Stuur me een DM.","243","threads","ai-translated","SOURCE","https://vid567.github.io/pantryplan/","https://vid567.github.io/pantryplan/?utm_source=threads&utm_medium=social&utm_campaign=pp_beta_nl&utm_content=pp-032","content-creator-nl.html","","",""
"PP-033-nl","PP-033","PantryPlan","pp","nl","NL","Beta","Kies nuttige functies boven veel functies.

Voorraad bekijken, toevoegen, aantallen aanpassen en boodschappen bijhouden komen eerst.

Probeer PantryPlan gratis 👇
https://bit.ly/pantryplan

🤖 Vertaald met AI — taalfout gezien? Stuur me een DM.","244","threads","ai-translated","SOURCE","https://vid567.github.io/pantryplan/","https://vid567.github.io/pantryplan/?utm_source=threads&utm_medium=social&utm_campaign=pp_beta_nl&utm_content=pp-033","content-creator-nl.html","","",""
"PP-034-nl","PP-034","PantryPlan","pp","nl","NL","Beta","Test tijdens een echte boodschappendag.

Gebruik je eigen koelkast, voorraadkast en boodschappenlijst.

Probeer PantryPlan gratis 👇
https://bit.ly/pantryplan

🤖 Vertaald met AI — taalfout gezien? Stuur me een DM.","214","threads","ai-translated","SOURCE","https://vid567.github.io/pantryplan/","https://vid567.github.io/pantryplan/?utm_source=threads&utm_medium=social&utm_campaign=pp_beta_nl&utm_content=pp-034","content-creator-nl.html","","",""
"PP-035-nl","PP-035","PantryPlan","pp","nl","NL","Beta","Vertel waar je vastloopt.

Scannen, aantallen, boodschappenlijst, foto’s of spraak: praktische feedback bepaalt wat beter moet.

Probeer PantryPlan gratis 👇
https://bit.ly/pantryplan

🤖 Vertaald met AI — taalfout gezien? Stuur me een DM.","239","threads","ai-translated","SOURCE","https://vid567.github.io/pantryplan/","https://vid567.github.io/pantryplan/?utm_source=threads&utm_medium=social&utm_campaign=pp_beta_nl&utm_content=pp-035","content-creator-nl.html","","",""
"PP-036-nl","PP-036","PantryPlan","pp","nl","NL","Beta","Laat een huishoudapp tijd besparen.

Maak er geen extra avondtaak van. Daarom houden we PantryPlan eenvoudig.

Probeer PantryPlan gratis 👇
https://bit.ly/pantryplan

🤖 Vertaald met AI — taalfout gezien? Stuur me een DM.","221","threads","ai-translated","SOURCE","https://vid567.github.io/pantryplan/","https://vid567.github.io/pantryplan/?utm_source=threads&utm_medium=social&utm_campaign=pp_beta_nl&utm_content=pp-036","content-creator-nl.html","","",""
"PP-037-nl","PP-037","PantryPlan","pp","nl","NL","Beta","Wat mis jij in een voorraadapp? Betere herkenning, slimmer boodschappenlijstje, delen met je gezin of iets anders?

Probeer PantryPlan gratis 👇
https://bit.ly/pantryplan

🤖 Vertaald met AI — taalfout gezien? Stuur me een DM.","226","threads","ai-translated","SOURCE","https://vid567.github.io/pantryplan/","https://vid567.github.io/pantryplan/?utm_source=threads&utm_medium=social&utm_campaign=pp_beta_nl&utm_content=pp-037","content-creator-nl.html","","",""
"PP-038-nl","PP-038","PantryPlan","pp","nl","NL","Beta","Begin met 10 producten die je vaak koopt.

Werkt de routine? Voeg daarna meer voorraad toe.

Probeer PantryPlan gratis 👇
https://bit.ly/pantryplan

🤖 Vertaald met AI — taalfout gezien? Stuur me een DM.","203","threads","ai-translated","SOURCE","https://vid567.github.io/pantryplan/","https://vid567.github.io/pantryplan/?utm_source=threads&utm_medium=social&utm_campaign=pp_beta_nl&utm_content=pp-038","content-creator-nl.html","","",""
"PP-039-nl","PP-039","PantryPlan","pp","nl","NL","Beta","Meld niet alleen fouten.

Vertel ook wat verrassend handig werkt. Dat helpt bepalen wat belangrijk is.

Probeer PantryPlan gratis 👇
https://bit.ly/pantryplan

🤖 Vertaald met AI — taalfout gezien? Stuur me een DM.","214","threads","ai-translated","SOURCE","https://vid567.github.io/pantryplan/","https://vid567.github.io/pantryplan/?utm_source=threads&utm_medium=social&utm_campaign=pp_beta_nl&utm_content=pp-039","content-creator-nl.html","","",""
"PP-040-nl","PP-040","PantryPlan","pp","nl","NL","Beta","Los één alledaags probleem op: weet wat je thuis hebt terwijl je in de winkel staat.

Probeer PantryPlan gratis 👇
https://bit.ly/pantryplan

🤖 Vertaald met AI — taalfout gezien? Stuur me een DM.","196","threads","ai-translated","SOURCE","https://vid567.github.io/pantryplan/","https://vid567.github.io/pantryplan/?utm_source=threads&utm_medium=social&utm_campaign=pp_beta_nl&utm_content=pp-040","content-creator-nl.html","","",""
"PP-041-nl","PP-041","PantryPlan","pp","nl","NL","Tip","Zet producten die bijna op zijn meteen op je boodschappenlijst.

Vertrouw niet op je geheugen.

Probeer PantryPlan gratis 👇
https://bit.ly/pantryplan

🤖 Vertaald met AI — taalfout gezien? Stuur me een DM.","206","threads","ai-translated","SOURCE","https://vid567.github.io/pantryplan/","https://vid567.github.io/pantryplan/?utm_source=threads&utm_medium=social&utm_campaign=pp_beta_nl&utm_content=pp-041","content-creator-nl.html","","",""
"PP-042-nl","PP-042","PantryPlan","pp","nl","NL","Tip","Begin met producten die je vaak dubbel koopt.

Daar zie je het voordeel van een voorraadlijst het snelst.

Probeer PantryPlan gratis 👇
https://bit.ly/pantryplan

🤖 Vertaald met AI — taalfout gezien? Stuur me een DM.","217","threads","ai-translated","SOURCE","https://vid567.github.io/pantryplan/","https://vid567.github.io/pantryplan/?utm_source=threads&utm_medium=social&utm_campaign=pp_beta_nl&utm_content=pp-042","content-creator-nl.html","","",""
"PP-043-nl","PP-043","PantryPlan","pp","nl","NL","Tip","Koppel bijwerken aan uitpakken.

Boodschappen binnen? Pas meteen de aantallen aan.

Probeer PantryPlan gratis 👇
https://bit.ly/pantryplan

🤖 Vertaald met AI — taalfout gezien? Stuur me een DM.","194","threads","ai-translated","SOURCE","https://vid567.github.io/pantryplan/","https://vid567.github.io/pantryplan/?utm_source=threads&utm_medium=social&utm_campaign=pp_beta_nl&utm_content=pp-043","content-creator-nl.html","","",""
"PP-044-nl","PP-044","PantryPlan","pp","nl","NL","Tip","Controleer dure producten vóór een grote boodschappenronde.

Een dubbele aankoop van €15 voorkomen telt snel op.

Probeer PantryPlan gratis 👇
https://bit.ly/pantryplan

🤖 Vertaald met AI — taalfout gezien? Stuur me een DM.","224","threads","ai-translated","SOURCE","https://vid567.github.io/pantryplan/","https://vid567.github.io/pantryplan/?utm_source=threads&utm_medium=social&utm_campaign=pp_beta_nl&utm_content=pp-044","content-creator-nl.html","","",""
"PP-045-nl","PP-045","PantryPlan","pp","nl","NL","Tip","Gebruik aantallen die voor jou werken: pak, fles, blik of stuk.

Laat de tool bij je huishouden passen.

Probeer PantryPlan gratis 👇
https://bit.ly/pantryplan

🤖 Vertaald met AI — taalfout gezien? Stuur me een DM.","215","threads","ai-translated","SOURCE","https://vid567.github.io/pantryplan/","https://vid567.github.io/pantryplan/?utm_source=threads&utm_medium=social&utm_campaign=pp_beta_nl&utm_content=pp-045","content-creator-nl.html","","",""
"PP-046-nl","PP-046","PantryPlan","pp","nl","NL","Tip","Kies bruikbaar boven perfect.

Een voorraad die voor 80% klopt en echt wordt gebruikt is waardevoller dan een perfect systeem dat je opgeeft.

Probeer PantryPlan gratis 👇
https://bit.ly/pantryplan

🤖 Vertaald met AI — taalfout gezien? Stuur me een DM.","253","threads","ai-translated","SOURCE","https://vid567.github.io/pantryplan/","https://vid567.github.io/pantryplan/?utm_source=threads&utm_medium=social&utm_campaign=pp_beta_nl&utm_content=pp-046","content-creator-nl.html","","",""
"PP-047-nl","PP-047","PantryPlan","pp","nl","NL","Tip","Bijna op? Voeg het direct toe aan je boodschappenlijst.

Voorkom een tweede rit naar de supermarkt.

Probeer PantryPlan gratis 👇
https://bit.ly/pantryplan

🤖 Vertaald met AI — taalfout gezien? Stuur me een DM.","211","threads","ai-translated","SOURCE","https://vid567.github.io/pantryplan/","https://vid567.github.io/pantryplan/?utm_source=threads&utm_medium=social&utm_campaign=pp_beta_nl&utm_content=pp-047","content-creator-nl.html","","",""
"PP-048-nl","PP-048","PantryPlan","pp","nl","NL","Tip","Bekijk wat al lang in je voorraad staat.

Plan daar eerst een maaltijd mee voordat je nieuwe ingrediënten koopt.

Probeer PantryPlan gratis 👇
https://bit.ly/pantryplan

🤖 Vertaald met AI — taalfout gezien? Stuur me een DM.","224","threads","ai-translated","SOURCE","https://vid567.github.io/pantryplan/","https://vid567.github.io/pantryplan/?utm_source=threads&utm_medium=social&utm_campaign=pp_beta_nl&utm_content=pp-048","content-creator-nl.html","","",""
"PP-049-nl","PP-049","PantryPlan","pp","nl","NL","Tip","Maak je boodschappenlijst vóór je honger krijgt.

Een lege maag bedenkt opvallend veel extra snacks.

Probeer PantryPlan gratis 👇
https://bit.ly/pantryplan

🤖 Vertaald met AI — taalfout gezien? Stuur me een DM.","212","threads","ai-translated","SOURCE","https://vid567.github.io/pantryplan/","https://vid567.github.io/pantryplan/?utm_source=threads&utm_medium=social&utm_campaign=pp_beta_nl&utm_content=pp-049","content-creator-nl.html","","",""
"PP-050-nl","PP-050","PantryPlan","pp","nl","NL","Tip","Kies het voorraadsysteem dat je volgende maand nog gebruikt.

Meer functies is niet automatisch beter.

Probeer PantryPlan gratis 👇
https://bit.ly/pantryplan

🤖 Vertaald met AI — taalfout gezien? Stuur me een DM.","214","threads","ai-translated","SOURCE","https://vid567.github.io/pantryplan/","https://vid567.github.io/pantryplan/?utm_source=threads&utm_medium=social&utm_campaign=pp_beta_nl&utm_content=pp-050","content-creator-nl.html","","",""
"STAMP-001-en","STAMP-001","AI Stamp Collection Scanner","stamp","en","","Collection Problems","🧪 Browser Beta v1.0 is now live.

Upload photos of your stamp collection and create your first structured stamp inventory directly in your browser.

🌍 Available in 8 language/region versions.

DM me with your feedback.

https://bit.ly/AIStampScannerApp","254","threads","master","SOURCE","https://bit.ly/AIStampScannerApp","https://bit.ly/AIStampScannerApp","content-creator.html","","",""
"STAMP-002-en","STAMP-002","AI Stamp Collection Scanner","stamp","en","","Collection Problems","Try the free Browser Beta.

Turn photos of your stamp collection into a clear digital stamp inventory you can review, edit and export.

🌍 Available in 8 language/region versions.

DM me with your feedback.

https://bit.ly/AIStampScannerApp","240","threads","master","SOURCE","https://bit.ly/AIStampScannerApp","https://bit.ly/AIStampScannerApp","content-creator.html","","",""
"STAMP-003-en","STAMP-003","AI Stamp Collection Scanner","stamp","en","","Collection Problems","The Browser Beta helps stamp collectors create a structured, editable stamp inventory from collection photos.

Help improve the Beta.

🌍 Available in 8 language/region versions.

DM me with your feedback.

https://bit.ly/AIStampScannerApp","239","threads","master","SOURCE","https://bit.ly/AIStampScannerApp","https://bit.ly/AIStampScannerApp","content-creator.html","","",""
"STAMP-004-en","STAMP-004","AI Stamp Collection Scanner","stamp","en","","Collection Problems","Still storing your stamps in albums and boxes?

The Browser Beta helps you create your first digital stamp inventory in minutes.

https://bit.ly/AIStampScannerApp

🌍 Available in 8 language/region versions.

DM me with your feedback.","234","threads","master","SOURCE","https://bit.ly/AIStampScannerApp","https://bit.ly/AIStampScannerApp","content-creator.html","","",""
"STAMP-005-en","STAMP-005","AI Stamp Collection Scanner","stamp","en","","Collection Problems","Every stamp collection deserves a good inventory.

Start with the free Browser Beta and organize your stamps faster.

https://bit.ly/AIStampScannerApp

🌍 Available in 8 language/region versions.

DM me with your feedback.","222","threads","master","SOURCE","https://bit.ly/AIStampScannerApp","https://bit.ly/AIStampScannerApp","content-creator.html","","",""
"STAMP-006-en","STAMP-006","AI Stamp Collection Scanner","stamp","en","","Collection Problems","The Browser Beta makes it easy to build a searchable stamp inventory from photos of your stamp collection.

https://bit.ly/AIStampScannerApp

🌍 Available in 8 language/region versions.

DM me with your feedback.","212","threads","master","SOURCE","https://bit.ly/AIStampScannerApp","https://bit.ly/AIStampScannerApp","content-creator.html","","",""
"STAMP-007-en","STAMP-007","AI Stamp Collection Scanner","stamp","en","","Collection Problems","Your stamps deserve more than a shoebox.

Try the Browser Beta and organize your collection digitally.

https://bit.ly/AIStampScannerApp

🌍 Available in 8 language/region versions.

DM me with your feedback.","208","threads","master","SOURCE","https://bit.ly/AIStampScannerApp","https://bit.ly/AIStampScannerApp","content-creator.html","","",""
"STAMP-008-en","STAMP-008","AI Stamp Collection Scanner","stamp","en","","Collection Problems","Whether you collect 100 stamps or 100,000, the Browser Beta helps you build a structured stamp inventory.

https://bit.ly/AIStampScannerApp

🌍 Available in 8 language/region versions.

DM me with your feedback.","211","threads","master","SOURCE","https://bit.ly/AIStampScannerApp","https://bit.ly/AIStampScannerApp","content-creator.html","","",""
"STAMP-009-en","STAMP-009","AI Stamp Collection Scanner","stamp","en","","Collection Problems","Take photos of your stamp collection once.

The Browser Beta helps you create a stamp inventory you can continue improving.

https://bit.ly/AIStampScannerApp

🌍 Available in 8 language/region versions.

DM me with your feedback.","229","threads","master","SOURCE","https://bit.ly/AIStampScannerApp","https://bit.ly/AIStampScannerApp","content-creator.html","","",""
"STAMP-010-en","STAMP-010","AI Stamp Collection Scanner","stamp","en","","Collection Problems","A well-organized stamp inventory makes collecting more enjoyable.

Start today with the free Browser Beta.

https://bit.ly/AIStampScannerApp

🌍 Available in 8 language/region versions.

DM me with your feedback.","212","threads","master","SOURCE","https://bit.ly/AIStampScannerApp","https://bit.ly/AIStampScannerApp","content-creator.html","","",""
"STAMP-011-en","STAMP-011","AI Stamp Collection Scanner","stamp","en","","Collection Problems","Ever bought stamps you already owned?

The Browser Beta helps you build a stamp inventory that makes duplicates easier to spot.

https://bit.ly/AIStampScannerApp

🌍 Available in 8 language/region versions.

DM me with your feedback.","233","threads","master","SOURCE","https://bit.ly/AIStampScannerApp","https://bit.ly/AIStampScannerApp","content-creator.html","","",""
"STAMP-012-en","STAMP-012","AI Stamp Collection Scanner","stamp","en","","Collection Problems","Finding one specific stamp shouldn't take an hour.

The Browser Beta helps you organize your stamp collection digitally.

https://bit.ly/AIStampScannerApp

🌍 Available in 8 language/region versions.

DM me with your feedback.","226","threads","master","SOURCE","https://bit.ly/AIStampScannerApp","https://bit.ly/AIStampScannerApp","content-creator.html","","",""
"STAMP-013-en","STAMP-013","AI Stamp Collection Scanner","stamp","en","","Collection Problems","Many stamp collections grow over decades.

The Browser Beta helps you keep your stamp inventory organized as your collection grows.

https://bit.ly/AIStampScannerApp

🌍 Available in 8 language/region versions.

DM me with your feedback.","237","threads","master","SOURCE","https://bit.ly/AIStampScannerApp","https://bit.ly/AIStampScannerApp","content-creator.html","","",""
"STAMP-014-en","STAMP-014","AI Stamp Collection Scanner","stamp","en","","Collection Problems","Albums. Stock books. Boxes.

Bring your entire stamp collection together with the Browser Beta.

https://bit.ly/AIStampScannerApp

🌍 Available in 8 language/region versions.

DM me with your feedback.","201","threads","master","SOURCE","https://bit.ly/AIStampScannerApp","https://bit.ly/AIStampScannerApp","content-creator.html","","",""
"STAMP-015-en","STAMP-015","AI Stamp Collection Scanner","stamp","en","","Collection Problems","Your stamp collection tells a story.

The Browser Beta helps you create the inventory it deserves.

https://bit.ly/AIStampScannerApp

🌍 Available in 8 language/region versions.

DM me with your feedback.","204","threads","master","SOURCE","https://bit.ly/AIStampScannerApp","https://bit.ly/AIStampScannerApp","content-creator.html","","",""
"STAMP-016-en","STAMP-016","AI Stamp Collection Scanner","stamp","en","","Collection Problems","Collectors spend years building stamp collections.

The Browser Beta helps you organize them much faster.

https://bit.ly/AIStampScannerApp

🌍 Available in 8 language/region versions.

DM me with your feedback.","211","threads","master","SOURCE","https://bit.ly/AIStampScannerApp","https://bit.ly/AIStampScannerApp","content-creator.html","","",""
"STAMP-017-en","STAMP-017","AI Stamp Collection Scanner","stamp","en","","Collection Problems","The Browser Beta doesn't replace collecting.

It simply makes your stamps easier to organize and review.

https://bit.ly/AIStampScannerApp

🌍 Available in 8 language/region versions.

DM me with your feedback.","210","threads","master","SOURCE","https://bit.ly/AIStampScannerApp","https://bit.ly/AIStampScannerApp","content-creator.html","","",""
"STAMP-018-en","STAMP-018","AI Stamp Collection Scanner","stamp","en","","Collection Problems","Know exactly where every stamp belongs.

The Browser Beta helps you create a structured stamp inventory.

https://bit.ly/AIStampScannerApp

🌍 Available in 8 language/region versions.

DM me with your feedback.","210","threads","master","SOURCE","https://bit.ly/AIStampScannerApp","https://bit.ly/AIStampScannerApp","content-creator.html","","",""
"STAMP-019-en","STAMP-019","AI Stamp Collection Scanner","stamp","en","","Collection Problems","Old stamp collections deserve modern tools.

Try the free Browser Beta today.

https://bit.ly/AIStampScannerApp

🌍 Available in 8 language/region versions.

DM me with your feedback.","183","threads","master","SOURCE","https://bit.ly/AIStampScannerApp","https://bit.ly/AIStampScannerApp","content-creator.html","","",""
"STAMP-020-en","STAMP-020","AI Stamp Collection Scanner","stamp","en","","Collection Problems","Every organized stamp collection starts with one simple step.

Create your first stamp inventory with the Browser Beta.

https://bit.ly/AIStampScannerApp

🌍 Available in 8 language/region versions.

DM me with your feedback.","225","threads","master","SOURCE","https://bit.ly/AIStampScannerApp","https://bit.ly/AIStampScannerApp","content-creator.html","","",""
"STAMP-021-en","STAMP-021","AI Stamp Collection Scanner","stamp","en","","Practical Tips","Paper notes are difficult to maintain.

The Browser Beta helps you build a digital stamp inventory that's easy to update.

https://bit.ly/AIStampScannerApp

🌍 Available in 8 language/region versions.

DM me with your feedback.","227","threads","master","SOURCE","https://bit.ly/AIStampScannerApp","https://bit.ly/AIStampScannerApp","content-creator.html","","",""
"STAMP-022-en","STAMP-022","AI Stamp Collection Scanner","stamp","en","","Practical Tips","Review your stamps.

Edit your inventory.

Export whenever you want.

That's the Browser Beta.

https://bit.ly/AIStampScannerApp

🌍 Available in 8 language/region versions.

DM me with your feedback.","200","threads","master","SOURCE","https://bit.ly/AIStampScannerApp","https://bit.ly/AIStampScannerApp","content-creator.html","","",""
"STAMP-023-en","STAMP-023","AI Stamp Collection Scanner","stamp","en","","Practical Tips","Your stamp inventory grows together with your stamp collection.

The Browser Beta makes updating easy.

https://bit.ly/AIStampScannerApp

🌍 Available in 8 language/region versions.

DM me with your feedback.","208","threads","master","SOURCE","https://bit.ly/AIStampScannerApp","https://bit.ly/AIStampScannerApp","content-creator.html","","",""
"STAMP-024-en","STAMP-024","AI Stamp Collection Scanner","stamp","en","","Practical Tips","Organized stamps save time.

The Browser Beta helps collectors spend more time enjoying the hobby.

https://bit.ly/AIStampScannerApp

🌍 Available in 8 language/region versions.

DM me with your feedback.","204","threads","master","SOURCE","https://bit.ly/AIStampScannerApp","https://bit.ly/AIStampScannerApp","content-creator.html","","",""
"STAMP-025-en","STAMP-025","AI Stamp Collection Scanner","stamp","en","","Practical Tips","The goal isn't perfection.

The goal is knowing which stamps you own.

Start today with the free Browser Beta.

🌍 Available in 8 language/region versions.

DM me with your feedback.

https://bit.ly/AIStampScannerApp","216","threads","master","SOURCE","https://bit.ly/AIStampScannerApp","https://bit.ly/AIStampScannerApp","content-creator.html","","",""
"STAMP-026-en","STAMP-026","AI Stamp Collection Scanner","stamp","en","","Practical Tips","The Browser Beta is designed to make organizing your stamp collection simple.

Start your stamp inventory today.

https://bit.ly/AIStampScannerApp

🌍 Available in 8 language/region versions.

DM me with your feedback.","218","threads","master","SOURCE","https://bit.ly/AIStampScannerApp","https://bit.ly/AIStampScannerApp","content-creator.html","","",""
"STAMP-027-en","STAMP-027","AI Stamp Collection Scanner","stamp","en","","Practical Tips","Every stamp collector has a different way of organizing stamps.

The Browser Beta gives you a flexible starting point.

https://bit.ly/AIStampScannerApp

🌍 Available in 8 language/region versions.

DM me with your feedback.","224","threads","master","SOURCE","https://bit.ly/AIStampScannerApp","https://bit.ly/AIStampScannerApp","content-creator.html","","",""
"STAMP-028-en","STAMP-028","AI Stamp Collection Scanner","stamp","en","","Practical Tips","A good stamp inventory is the foundation of every well-organized stamp collection.

Build yours with the Browser Beta.

https://bit.ly/AIStampScannerApp

🌍 Available in 8 language/region versions.

DM me with your feedback.","224","threads","master","SOURCE","https://bit.ly/AIStampScannerApp","https://bit.ly/AIStampScannerApp","content-creator.html","","",""
"STAMP-029-en","STAMP-029","AI Stamp Collection Scanner","stamp","en","","Practical Tips","The bigger your stamp collection becomes, the more valuable a good stamp inventory is.

Try the Browser Beta.

https://bit.ly/AIStampScannerApp

🌍 Available in 8 language/region versions.

DM me with your feedback.","215","threads","master","SOURCE","https://bit.ly/AIStampScannerApp","https://bit.ly/AIStampScannerApp","content-creator.html","","",""
"STAMP-030-en","STAMP-030","AI Stamp Collection Scanner","stamp","en","","Practical Tips","Your stamp collection is unique.

The Browser Beta helps you build an inventory that grows with your collection.

https://bit.ly/AIStampScannerApp

🌍 Available in 8 language/region versions.

DM me with your feedback.","218","threads","master","SOURCE","https://bit.ly/AIStampScannerApp","https://bit.ly/AIStampScannerApp","content-creator.html","","",""
"STAMP-031-en","STAMP-031","AI Stamp Collection Scanner","stamp","en","","Practical Tips","Tip for stamp collectors:

Take clear photos of your stamps before uploading them to the Browser Beta.

Better photos create a better inventory.

https://bit.ly/AIStampScannerApp

🌍 Available in 8 language/region versions.

DM me with your feedback.","250","threads","master","SOURCE","https://bit.ly/AIStampScannerApp","https://bit.ly/AIStampScannerApp","content-creator.html","","",""
"STAMP-032-en","STAMP-032","AI Stamp Collection Scanner","stamp","en","","Practical Tips","Group similar stamps together before taking photos.

The Browser Beta works best with well-organized stamp collection photos.

https://bit.ly/AIStampScannerApp

🌍 Available in 8 language/region versions.

DM me with your feedback.","231","threads","master","SOURCE","https://bit.ly/AIStampScannerApp","https://bit.ly/AIStampScannerApp","content-creator.html","","",""
"STAMP-033-en","STAMP-033","AI Stamp Collection Scanner","stamp","en","","Practical Tips","One sharp photo is often better than several blurry ones.

Help the Browser Beta create a clearer stamp inventory.

https://bit.ly/AIStampScannerApp

🌍 Available in 8 language/region versions.

DM me with your feedback.","220","threads","master","SOURCE","https://bit.ly/AIStampScannerApp","https://bit.ly/AIStampScannerApp","content-creator.html","","",""
"STAMP-034-en","STAMP-034","AI Stamp Collection Scanner","stamp","en","","Practical Tips","Good stamp photos save time later.

The Browser Beta starts with the photos you upload.

https://bit.ly/AIStampScannerApp

🌍 Available in 8 language/region versions.

DM me with your feedback.","193","threads","master","SOURCE","https://bit.ly/AIStampScannerApp","https://bit.ly/AIStampScannerApp","content-creator.html","","",""
"STAMP-035-en","STAMP-035","AI Stamp Collection Scanner","stamp","en","","Practical Tips","The best time to organize your stamp collection is before it becomes overwhelming.

The Browser Beta makes that first step easy.

https://bit.ly/AIStampScannerApp

🌍 Available in 8 language/region versions.

DM me with your feedback.","234","threads","master","SOURCE","https://bit.ly/AIStampScannerApp","https://bit.ly/AIStampScannerApp","content-creator.html","","",""
"STAMP-036-en","STAMP-036","AI Stamp Collection Scanner","stamp","en","","Practical Tips","You don't need to be an expert.

The Browser Beta is built for every stamp collector.

https://bit.ly/AIStampScannerApp

🌍 Available in 8 language/region versions.

DM me with your feedback.","191","threads","master","SOURCE","https://bit.ly/AIStampScannerApp","https://bit.ly/AIStampScannerApp","content-creator.html","","",""
"STAMP-037-en","STAMP-037","AI Stamp Collection Scanner","stamp","en","","Practical Tips","Every organized stamp collection starts with one photo.

Then another.

The Browser Beta helps you build your inventory step by step.

https://bit.ly/AIStampScannerApp

🌍 Available in 8 language/region versions.

DM me with your feedback.","239","threads","master","SOURCE","https://bit.ly/AIStampScannerApp","https://bit.ly/AIStampScannerApp","content-creator.html","","",""
"STAMP-038-en","STAMP-038","AI Stamp Collection Scanner","stamp","en","","Practical Tips","Don't wait until you lose track of your stamps.

Start building your digital stamp inventory with the Browser Beta today.

https://bit.ly/AIStampScannerApp

🌍 Available in 8 language/region versions.

DM me with your feedback.","227","threads","master","SOURCE","https://bit.ly/AIStampScannerApp","https://bit.ly/AIStampScannerApp","content-creator.html","","",""
"STAMP-039-en","STAMP-039","AI Stamp Collection Scanner","stamp","en","","Practical Tips","Spend less time searching through albums.

Spend more time enjoying your stamps.

That's what the Browser Beta is for.

https://bit.ly/AIStampScannerApp

🌍 Available in 8 language/region versions.

DM me with your feedback.","224","threads","master","SOURCE","https://bit.ly/AIStampScannerApp","https://bit.ly/AIStampScannerApp","content-creator.html","","",""
"STAMP-040-en","STAMP-040","AI Stamp Collection Scanner","stamp","en","","Practical Tips","Stamp collecting should be relaxing.

The Browser Beta helps keep your collection organized.

https://bit.ly/AIStampScannerApp

🌍 Available in 8 language/region versions.

DM me with your feedback.","198","threads","master","SOURCE","https://bit.ly/AIStampScannerApp","https://bit.ly/AIStampScannerApp","content-creator.html","","",""
"STAMP-041-en","STAMP-041","AI Stamp Collection Scanner","stamp","en","","Conversation and Feedback","🧪 Browser Beta testers wanted.

Help improve the AI Stamp Collection Scanner with your feedback.

🌍 Available in 8 language/region versions.

DM me with your feedback.

https://bit.ly/AIStampScannerApp","203","threads","master","SOURCE","https://bit.ly/AIStampScannerApp","https://bit.ly/AIStampScannerApp","content-creator.html","","",""
"STAMP-042-en","STAMP-042","AI Stamp Collection Scanner","stamp","en","","Conversation and Feedback","Every Browser Beta update is based on feedback from real stamp collectors.

Your ideas can shape the next version.

🌍 Available in 8 language/region versions.

DM me with your feedback.

https://bit.ly/AIStampScannerApp","220","threads","master","SOURCE","https://bit.ly/AIStampScannerApp","https://bit.ly/AIStampScannerApp","content-creator.html","","",""
"STAMP-043-en","STAMP-043","AI Stamp Collection Scanner","stamp","en","","Conversation and Feedback","Have you tried the Browser Beta yet?

I'd love to hear what works well and what can be improved.

🌍 Available in 8 language/region versions.

DM me with your feedback.

https://bit.ly/AIStampScannerApp","202","threads","master","SOURCE","https://bit.ly/AIStampScannerApp","https://bit.ly/AIStampScannerApp","content-creator.html","","",""
"STAMP-044-en","STAMP-044","AI Stamp Collection Scanner","stamp","en","","Conversation and Feedback","The Browser Beta is improving every week thanks to collector feedback.

Join the Beta community.

🌍 Available in 8 language/region versions.

DM me with your feedback.

https://bit.ly/AIStampScannerApp","202","threads","master","SOURCE","https://bit.ly/AIStampScannerApp","https://bit.ly/AIStampScannerApp","content-creator.html","","",""
"STAMP-045-en","STAMP-045","AI Stamp Collection Scanner","stamp","en","","Conversation and Feedback","Looking for stamp collectors to test the Browser Beta.

Every suggestion helps improve the project.

🌍 Available in 8 language/region versions.

DM me with your feedback.

https://bit.ly/AIStampScannerApp","205","threads","master","SOURCE","https://bit.ly/AIStampScannerApp","https://bit.ly/AIStampScannerApp","content-creator.html","","",""
"STAMP-046-en","STAMP-046","AI Stamp Collection Scanner","stamp","en","","Conversation and Feedback","The Browser Beta is being built together with stamp collectors around the world.

Your feedback matters.

🌍 Available in 8 language/region versions.

DM me with your feedback.

https://bit.ly/AIStampScannerApp","210","threads","master","SOURCE","https://bit.ly/AIStampScannerApp","https://bit.ly/AIStampScannerApp","content-creator.html","","",""
"STAMP-047-en","STAMP-047","AI Stamp Collection Scanner","stamp","en","","Conversation and Feedback","What would make organizing your stamp collection easier?

Tell me what you'd like to see in the Browser Beta.

🌍 Available in 8 language/region versions.

DM me with your feedback.

https://bit.ly/AIStampScannerApp","215","threads","master","SOURCE","https://bit.ly/AIStampScannerApp","https://bit.ly/AIStampScannerApp","content-creator.html","","",""
"STAMP-048-en","STAMP-048","AI Stamp Collection Scanner","stamp","en","","Conversation and Feedback","Every great product starts with great feedback.

Help shape the future of the Browser Beta.

🌍 Available in 8 language/region versions.

DM me with your feedback.

https://bit.ly/AIStampScannerApp","197","threads","master","SOURCE","https://bit.ly/AIStampScannerApp","https://bit.ly/AIStampScannerApp","content-creator.html","","",""
"STAMP-049-en","STAMP-049","AI Stamp Collection Scanner","stamp","en","","Conversation and Feedback","Thank you to everyone testing the Browser Beta.

Together we're building a better stamp inventory tool for collectors.

🌍 Available in 8 language/region versions.

DM me with your feedback.

https://bit.ly/AIStampScannerApp","224","threads","master","SOURCE","https://bit.ly/AIStampScannerApp","https://bit.ly/AIStampScannerApp","content-creator.html","","",""
"STAMP-050-en","STAMP-050","AI Stamp Collection Scanner","stamp","en","","Conversation and Feedback","If you collect stamps, I'd love your opinion.

Try the free Browser Beta today and help shape the future of the AI Stamp Collection Scanner.

🌍 Available in 8 language/region versions.

DM me with your feedback.

https://bit.ly/AIStampScannerApp","246","threads","master","SOURCE","https://bit.ly/AIStampScannerApp","https://bit.ly/AIStampScannerApp","content-creator.html","","",""
"STAMP-001-nl","STAMP-001","AI Stamp Collection Scanner","stamp","nl","NL","Inventaris","Maak overzicht van dozen en albums vol postzegels.

Zet foto’s om in een gestructureerde inventaris die je kunt controleren en aanpassen.

Probeer de Browser Beta 👇
https://bit.ly/AIStampScannerApp

🤖 Vertaald met AI — taalfout gezien? Stuur me een DM.","254","threads","ai-translated","SOURCE","https://bit.ly/AIStampScannerApp","https://bit.ly/AIStampScannerApp","content-creator-nl.html","","",""
"STAMP-002-nl","STAMP-002","AI Stamp Collection Scanner","stamp","nl","NL","Inventaris","Begin niet met handmatig een spreadsheet vullen.

Upload foto’s, laat de scanner structuur maken, controleer en exporteer.

Probeer de Browser Beta 👇
https://bit.ly/AIStampScannerApp

🤖 Vertaald met AI — taalfout gezien? Stuur me een DM.","239","threads","ai-translated","SOURCE","https://bit.ly/AIStampScannerApp","https://bit.ly/AIStampScannerApp","content-creator-nl.html","","",""
"STAMP-003-nl","STAMP-003","AI Stamp Collection Scanner","stamp","nl","NL","Inventaris","Begin bij een grote verzameling met overzicht.

Bepaal niet meteen de waarde en probeer niet alles direct perfect te identificeren.

Probeer de Browser Beta 👇
https://bit.ly/AIStampScannerApp

🤖 Vertaald met AI — taalfout gezien? Stuur me een DM.","248","threads","ai-translated","SOURCE","https://bit.ly/AIStampScannerApp","https://bit.ly/AIStampScannerApp","content-creator-nl.html","","",""
"STAMP-004-nl","STAMP-004","AI Stamp Collection Scanner","stamp","nl","NL","Inventaris","Een postzegelverzameling geërfd? Vraag eerst: wat zit erin?

Maak overzicht vóór je naar waarde kijkt.

Probeer de Browser Beta 👇
https://bit.ly/AIStampScannerApp

🤖 Vertaald met AI — taalfout gezien? Stuur me een DM.","219","threads","ai-translated","SOURCE","https://bit.ly/AIStampScannerApp","https://bit.ly/AIStampScannerApp","content-creator-nl.html","","",""
"STAMP-005-nl","STAMP-005","AI Stamp Collection Scanner","stamp","nl","NL","Inventaris","Gebruik AI als hulpmiddel, niet als zekerheid.

Laat de Beta vooral helpen met structureren, controleren en exporteren.

Probeer de Browser Beta 👇
https://bit.ly/AIStampScannerApp

🤖 Vertaald met AI — taalfout gezien? Stuur me een DM.","236","threads","ai-translated","SOURCE","https://bit.ly/AIStampScannerApp","https://bit.ly/AIStampScannerApp","content-creator-nl.html","","",""
"STAMP-006-nl","STAMP-006","AI Stamp Collection Scanner","stamp","nl","NL","Inventaris","Maak je album doorzoekbaar.

Een digitale inventaris helpt sneller terugvinden wat je bezit.

Probeer de Browser Beta 👇
https://bit.ly/AIStampScannerApp

🤖 Vertaald met AI — taalfout gezien? Stuur me een DM.","209","threads","ai-translated","SOURCE","https://bit.ly/AIStampScannerApp","https://bit.ly/AIStampScannerApp","content-creator-nl.html","","",""
"STAMP-007-nl","STAMP-007","AI Stamp Collection Scanner","stamp","nl","NL","Foto’s","Leg losse postzegels naast elkaar zonder overlap.

Houd iedere zegel zoveel mogelijk volledig zichtbaar.

Probeer de Browser Beta 👇
https://bit.ly/AIStampScannerApp

🤖 Vertaald met AI — taalfout gezien? Stuur me een DM.","221","threads","ai-translated","SOURCE","https://bit.ly/AIStampScannerApp","https://bit.ly/AIStampScannerApp","content-creator-nl.html","","",""
"STAMP-008-nl","STAMP-008","AI Stamp Collection Scanner","stamp","nl","NL","Foto’s","Maak betere bronfoto’s:
📷 recht van boven
💡 voldoende licht
🔍 scherp
↔️ geen overlap

Probeer de Browser Beta 👇
https://bit.ly/AIStampScannerApp

🤖 Vertaald met AI — taalfout gezien? Stuur me een DM.","204","threads","ai-translated","SOURCE","https://bit.ly/AIStampScannerApp","https://bit.ly/AIStampScannerApp","content-creator-nl.html","","",""
"STAMP-009-nl","STAMP-009","AI Stamp Collection Scanner","stamp","nl","NL","Foto’s","Geef de scanner een duidelijke foto.

Donker, onscherp en overlappend blijft ook voor AI moeilijk.

Probeer de Browser Beta 👇
https://bit.ly/AIStampScannerApp

🤖 Vertaald met AI — taalfout gezien? Stuur me een DM.","215","threads","ai-translated","SOURCE","https://bit.ly/AIStampScannerApp","https://bit.ly/AIStampScannerApp","content-creator-nl.html","","",""
"STAMP-010-nl","STAMP-010","AI Stamp Collection Scanner","stamp","nl","NL","Onderzoek","Maak eerst een inventaris.

Onderzoek daarna gericht welke zegels verder aandacht verdienen.

Probeer de Browser Beta 👇
https://bit.ly/AIStampScannerApp

🤖 Vertaald met AI — taalfout gezien? Stuur me een DM.","209","threads","ai-translated","SOURCE","https://bit.ly/AIStampScannerApp","https://bit.ly/AIStampScannerApp","content-creator-nl.html","","",""
"STAMP-011-nl","STAMP-011","AI Stamp Collection Scanner","stamp","nl","NL","Onderzoek","Gebruik de inventaris niet als waardebepaling.

Staat, variant, echtheid en markt kunnen de waarde beïnvloeden.

Probeer de Browser Beta 👇
https://bit.ly/AIStampScannerApp

🤖 Vertaald met AI — taalfout gezien? Stuur me een DM.","228","threads","ai-translated","SOURCE","https://bit.ly/AIStampScannerApp","https://bit.ly/AIStampScannerApp","content-creator-nl.html","","",""
"STAMP-012-nl","STAMP-012","AI Stamp Collection Scanner","stamp","nl","NL","Beta","Controleer wat AI voorstelt.

“AI” betekent niet “altijd correct”. Pas de inventaris aan vóór je exporteert.

Probeer de Browser Beta 👇
https://bit.ly/AIStampScannerApp

🤖 Vertaald met AI — taalfout gezien? Stuur me een DM.","225","threads","ai-translated","SOURCE","https://bit.ly/AIStampScannerApp","https://bit.ly/AIStampScannerApp","content-creator-nl.html","","",""
"STAMP-013-nl","STAMP-013","AI Stamp Collection Scanner","stamp","nl","NL","Beta","Test zonder installatie.

Voeg foto’s toe → controleer de inventaris → exporteer.

Probeer de Browser Beta 👇
https://bit.ly/AIStampScannerApp

🤖 Vertaald met AI — taalfout gezien? Stuur me een DM.","198","threads","ai-translated","SOURCE","https://bit.ly/AIStampScannerApp","https://bit.ly/AIStampScannerApp","content-creator-nl.html","","",""
"STAMP-014-nl","STAMP-014","AI Stamp Collection Scanner","stamp","nl","NL","Export","Maak de inventaris in de Browser Beta.

Exporteer daarna naar Excel of CSV. Excel is een exportformaat, niet de app.

Probeer de Browser Beta 👇
https://bit.ly/AIStampScannerApp

🤖 Vertaald met AI — taalfout gezien? Stuur me een DM.","233","threads","ai-translated","SOURCE","https://bit.ly/AIStampScannerApp","https://bit.ly/AIStampScannerApp","content-creator-nl.html","","",""
"STAMP-015-nl","STAMP-015","AI Stamp Collection Scanner","stamp","nl","NL","Export","Gebruik het fotonummer om ieder record terug te vinden op de juiste bronfoto.

Probeer de Browser Beta 👇
https://bit.ly/AIStampScannerApp

🤖 Vertaald met AI — taalfout gezien? Stuur me een DM.","194","threads","ai-translated","SOURCE","https://bit.ly/AIStampScannerApp","https://bit.ly/AIStampScannerApp","content-creator-nl.html","","",""
"STAMP-016-nl","STAMP-016","AI Stamp Collection Scanner","stamp","nl","NL","Export","Verwacht geen ingebedde foto’s in Excel.

De Browser Beta houdt de koppeling met de bronfoto tekstueel zichtbaar.

Probeer de Browser Beta 👇
https://bit.ly/AIStampScannerApp

🤖 Vertaald met AI — taalfout gezien? Stuur me een DM.","230","threads","ai-translated","SOURCE","https://bit.ly/AIStampScannerApp","https://bit.ly/AIStampScannerApp","content-creator-nl.html","","",""
"STAMP-017-nl","STAMP-017","AI Stamp Collection Scanner","stamp","nl","NL","Inventaris","Laat de scanner eerst structuur maken.

Ook zonder ieder detail te kennen kan een doorzoekbare inventaris veel handwerk besparen.

Probeer de Browser Beta 👇
https://bit.ly/AIStampScannerApp

🤖 Vertaald met AI — taalfout gezien? Stuur me een DM.","246","threads","ai-translated","SOURCE","https://bit.ly/AIStampScannerApp","https://bit.ly/AIStampScannerApp","content-creator-nl.html","","",""
"STAMP-018-nl","STAMP-018","AI Stamp Collection Scanner","stamp","nl","NL","Foto’s","Zet meerdere postzegels goed zichtbaar naast elkaar.

Vermijd stapels en overlap.

Probeer de Browser Beta 👇
https://bit.ly/AIStampScannerApp

🤖 Vertaald met AI — taalfout gezien? Stuur me een DM.","198","threads","ai-translated","SOURCE","https://bit.ly/AIStampScannerApp","https://bit.ly/AIStampScannerApp","content-creator-nl.html","","",""
"STAMP-019-nl","STAMP-019","AI Stamp Collection Scanner","stamp","nl","NL","Onderzoek","Zie “interessant” als reden voor onderzoek, niet als bewijs van zeldzaamheid of waarde.

Probeer de Browser Beta 👇
https://bit.ly/AIStampScannerApp

🤖 Vertaald met AI — taalfout gezien? Stuur me een DM.","204","threads","ai-translated","SOURCE","https://bit.ly/AIStampScannerApp","https://bit.ly/AIStampScannerApp","content-creator-nl.html","","",""
"STAMP-020-nl","STAMP-020","AI Stamp Collection Scanner","stamp","nl","NL","Beta","Test met echte verzamelingen.

Ook moeilijke foto’s en verschillende albums laten zien waar de scanner beter moet worden.

Probeer de Browser Beta 👇
https://bit.ly/AIStampScannerApp

🤖 Vertaald met AI — taalfout gezien? Stuur me een DM.","238","threads","ai-translated","SOURCE","https://bit.ly/AIStampScannerApp","https://bit.ly/AIStampScannerApp","content-creator-nl.html","","",""
"STAMP-021-nl","STAMP-021","AI Stamp Collection Scanner","stamp","nl","NL","Beta","Meld juist waar de scanner faalt.

Te weinig zegels gevonden? Verkeerde structuur? Onduidelijke foto? Die feedback helpt.

Probeer de Browser Beta 👇
https://bit.ly/AIStampScannerApp

🤖 Vertaald met AI — taalfout gezien? Stuur me een DM.","238","threads","ai-translated","SOURCE","https://bit.ly/AIStampScannerApp","https://bit.ly/AIStampScannerApp","content-creator-nl.html","","",""
"STAMP-022-nl","STAMP-022","AI Stamp Collection Scanner","stamp","nl","NL","Beta","Test ook een drukke albumbladzijde met veel kleine zegels.

Moeilijk materiaal laat zien waar detectie beter moet.

Probeer de Browser Beta 👇
https://bit.ly/AIStampScannerApp

🤖 Vertaald met AI — taalfout gezien? Stuur me een DM.","231","threads","ai-translated","SOURCE","https://bit.ly/AIStampScannerApp","https://bit.ly/AIStampScannerApp","content-creator-nl.html","","",""
"STAMP-023-nl","STAMP-023","AI Stamp Collection Scanner","stamp","nl","NL","Beta","Gebruik de scanner zonder technische voorkennis.

Loop je vast? Meld waar. Dat is waardevolle Beta-feedback.

Probeer de Browser Beta 👇
https://bit.ly/AIStampScannerApp

🤖 Vertaald met AI — taalfout gezien? Stuur me een DM.","225","threads","ai-translated","SOURCE","https://bit.ly/AIStampScannerApp","https://bit.ly/AIStampScannerApp","content-creator-nl.html","","",""
"STAMP-024-nl","STAMP-024","AI Stamp Collection Scanner","stamp","nl","NL","Beta","Wat mis jij in een digitale postzegelscanner? Betere herkenning, meer onderzoekslinks, uitgebreidere export of iets anders?

Probeer de Browser Beta 👇
https://bit.ly/AIStampScannerApp

🤖 Vertaald met AI — taalfout gezien? Stuur me een DM.","240","threads","ai-translated","SOURCE","https://bit.ly/AIStampScannerApp","https://bit.ly/AIStampScannerApp","content-creator-nl.html","","",""
"STAMP-025-nl","STAMP-025","AI Stamp Collection Scanner","stamp","nl","NL","Beta","Test met verschillende verzamelingen.

Albums, dozen en losse zegels vragen niet altijd om dezelfde aanpak.

Probeer de Browser Beta 👇
https://bit.ly/AIStampScannerApp

🤖 Vertaald met AI — taalfout gezien? Stuur me een DM.","224","threads","ai-translated","SOURCE","https://bit.ly/AIStampScannerApp","https://bit.ly/AIStampScannerApp","content-creator-nl.html","","",""
"STAMP-026-nl","STAMP-026","AI Stamp Collection Scanner","stamp","nl","NL","Inventaris","Digitaliseer je verzameling voor later.

Bewaar, doorzoek en vul je overzicht aan wanneer dat nodig is.

Probeer de Browser Beta 👇
https://bit.ly/AIStampScannerApp

🤖 Vertaald met AI — taalfout gezien? Stuur me een DM.","220","threads","ai-translated","SOURCE","https://bit.ly/AIStampScannerApp","https://bit.ly/AIStampScannerApp","content-creator-nl.html","","",""
"STAMP-027-nl","STAMP-027","AI Stamp Collection Scanner","stamp","nl","NL","Foto’s","Begin met een paar duidelijke foto’s.

Leer eerst de workflow. Probeer daarna moeilijkere albumbladen.

Probeer de Browser Beta 👇
https://bit.ly/AIStampScannerApp

🤖 Vertaald met AI — taalfout gezien? Stuur me een DM.","219","threads","ai-translated","SOURCE","https://bit.ly/AIStampScannerApp","https://bit.ly/AIStampScannerApp","content-creator-nl.html","","",""
"STAMP-028-nl","STAMP-028","AI Stamp Collection Scanner","stamp","nl","NL","Foto’s","Nummer je foto’s.

“Foto 12” terugvinden is makkelijker dan onthouden waar een zegel stond.

Probeer de Browser Beta 👇
https://bit.ly/AIStampScannerApp

🤖 Vertaald met AI — taalfout gezien? Stuur me een DM.","208","threads","ai-translated","SOURCE","https://bit.ly/AIStampScannerApp","https://bit.ly/AIStampScannerApp","content-creator-nl.html","","",""
"STAMP-029-nl","STAMP-029","AI Stamp Collection Scanner","stamp","nl","NL","Onderzoek","Zie een digitale inventaris niet als taxatierapport.

Gebruik hem om te organiseren en verder onderzoek voor te bereiden.

Probeer de Browser Beta 👇
https://bit.ly/AIStampScannerApp

🤖 Vertaald met AI — taalfout gezien? Stuur me een DM.","238","threads","ai-translated","SOURCE","https://bit.ly/AIStampScannerApp","https://bit.ly/AIStampScannerApp","content-creator-nl.html","","",""
"STAMP-030-nl","STAMP-030","AI Stamp Collection Scanner","stamp","nl","NL","Onderzoek","Houd rekening met grenzen van fotoherkenning.

Perforaties, watermerken, drukvarianten, kleur en conditie kunnen belangrijk zijn.

Probeer de Browser Beta 👇
https://bit.ly/AIStampScannerApp

🤖 Vertaald met AI — taalfout gezien? Stuur me een DM.","246","threads","ai-translated","SOURCE","https://bit.ly/AIStampScannerApp","https://bit.ly/AIStampScannerApp","content-creator-nl.html","","",""
"STAMP-031-nl","STAMP-031","AI Stamp Collection Scanner","stamp","nl","NL","Export","Gebruik CSV wanneer je de inventaris later eenvoudig in andere software wilt verwerken.

Probeer de Browser Beta 👇
https://bit.ly/AIStampScannerApp

🤖 Vertaald met AI — taalfout gezien? Stuur me een DM.","204","threads","ai-translated","SOURCE","https://bit.ly/AIStampScannerApp","https://bit.ly/AIStampScannerApp","content-creator-nl.html","","",""
"STAMP-032-nl","STAMP-032","AI Stamp Collection Scanner","stamp","nl","NL","Foto’s","Maak geen studiofoto, maar wel een bruikbare foto.

Houd de zegel scherp, goed belicht, zichtbaar en zonder overlap.

Probeer de Browser Beta 👇
https://bit.ly/AIStampScannerApp

🤖 Vertaald met AI — taalfout gezien? Stuur me een DM.","233","threads","ai-translated","SOURCE","https://bit.ly/AIStampScannerApp","https://bit.ly/AIStampScannerApp","content-creator-nl.html","","",""
"STAMP-033-nl","STAMP-033","AI Stamp Collection Scanner","stamp","nl","NL","Foto’s","Test ook pagina’s met bijna identieke zegels.

Juist zulke moeilijke pagina’s helpen automatische detectie verbeteren.

Probeer de Browser Beta 👇
https://bit.ly/AIStampScannerApp

🤖 Vertaald met AI — taalfout gezien? Stuur me een DM.","235","threads","ai-translated","SOURCE","https://bit.ly/AIStampScannerApp","https://bit.ly/AIStampScannerApp","content-creator-nl.html","","",""
"STAMP-034-nl","STAMP-034","AI Stamp Collection Scanner","stamp","nl","NL","Beta","Test niet alleen perfecte voorbeeldfoto’s.

Gebruik ook een realistische foto uit je eigen verzameling.

Probeer de Browser Beta 👇
https://bit.ly/AIStampScannerApp

🤖 Vertaald met AI — taalfout gezien? Stuur me een DM.","220","threads","ai-translated","SOURCE","https://bit.ly/AIStampScannerApp","https://bit.ly/AIStampScannerApp","content-creator-nl.html","","",""
"STAMP-035-nl","STAMP-035","AI Stamp Collection Scanner","stamp","nl","NL","Beta","Fout gevonden? Pas de inventaris aan vóór export.

AI doet een voorstel. Jij houdt de controle.

Probeer de Browser Beta 👇
https://bit.ly/AIStampScannerApp

🤖 Vertaald met AI — taalfout gezien? Stuur me een DM.","212","threads","ai-translated","SOURCE","https://bit.ly/AIStampScannerApp","https://bit.ly/AIStampScannerApp","content-creator-nl.html","","",""
"STAMP-036-nl","STAMP-036","AI Stamp Collection Scanner","stamp","nl","NL","Inventaris","Laat de scanner een eerste structuur maken.

Controleer en verbeter die daarna in plaats van ieder veld vanaf nul in te vullen.

Probeer de Browser Beta 👇
https://bit.ly/AIStampScannerApp

🤖 Vertaald met AI — taalfout gezien? Stuur me een DM.","244","threads","ai-translated","SOURCE","https://bit.ly/AIStampScannerApp","https://bit.ly/AIStampScannerApp","content-creator-nl.html","","",""
"STAMP-037-nl","STAMP-037","AI Stamp Collection Scanner","stamp","nl","NL","Inventaris","Maak je verzameling toegankelijker zonder je albums te veranderen.

Gebruik een digitale inventaris als extra overzicht.

Probeer de Browser Beta 👇
https://bit.ly/AIStampScannerApp

🤖 Vertaald met AI — taalfout gezien? Stuur me een DM.","237","threads","ai-translated","SOURCE","https://bit.ly/AIStampScannerApp","https://bit.ly/AIStampScannerApp","content-creator-nl.html","","",""
"STAMP-038-nl","STAMP-038","AI Stamp Collection Scanner","stamp","nl","NL","Inventaris","Denk je ooit aan verkoop? Maak eerst een gestructureerd overzicht.

Dat zegt meer dan: “Er staan een paar albums op zolder.”

Probeer de Browser Beta 👇
https://bit.ly/AIStampScannerApp

🤖 Vertaald met AI — taalfout gezien? Stuur me een DM.","241","threads","ai-translated","SOURCE","https://bit.ly/AIStampScannerApp","https://bit.ly/AIStampScannerApp","content-creator-nl.html","","",""
"STAMP-039-nl","STAMP-039","AI Stamp Collection Scanner","stamp","nl","NL","Onderzoek","Geen verzamelaar maar wel een verzameling geërfd?

Maak eerst overzicht. Onderzoek opvallende items. Vraag bij twijfel een specialist.

Probeer de Browser Beta 👇
https://bit.ly/AIStampScannerApp

🤖 Vertaald met AI — taalfout gezien? Stuur me een DM.","251","threads","ai-translated","SOURCE","https://bit.ly/AIStampScannerApp","https://bit.ly/AIStampScannerApp","content-creator-nl.html","","",""
"STAMP-040-nl","STAMP-040","AI Stamp Collection Scanner","stamp","nl","NL","Onderzoek","Verbind fysieke albums met online onderzoek.

Gebruik een digitale inventaris als brug tussen beide.

Probeer de Browser Beta 👇
https://bit.ly/AIStampScannerApp

🤖 Vertaald met AI — taalfout gezien? Stuur me een DM.","217","threads","ai-translated","SOURCE","https://bit.ly/AIStampScannerApp","https://bit.ly/AIStampScannerApp","content-creator-nl.html","","",""
"STAMP-041-nl","STAMP-041","AI Stamp Collection Scanner","stamp","nl","NL","Beta","Vertel wat de volgende versie beter moet doen.

Echte verzamelaars laten zien welke problemen werkelijk belangrijk zijn.

Probeer de Browser Beta 👇
https://bit.ly/AIStampScannerApp

🤖 Vertaald met AI — taalfout gezien? Stuur me een DM.","237","threads","ai-translated","SOURCE","https://bit.ly/AIStampScannerApp","https://bit.ly/AIStampScannerApp","content-creator-nl.html","","",""
"STAMP-042-nl","STAMP-042","AI Stamp Collection Scanner","stamp","nl","NL","Beta","Test of de bediening vanzelf spreekt.

Moet je raden wat je moet doen? Dan moet de interface duidelijker.

Probeer de Browser Beta 👇
https://bit.ly/AIStampScannerApp

🤖 Vertaald met AI — taalfout gezien? Stuur me een DM.","222","threads","ai-translated","SOURCE","https://bit.ly/AIStampScannerApp","https://bit.ly/AIStampScannerApp","content-creator-nl.html","","",""
"STAMP-043-nl","STAMP-043","AI Stamp Collection Scanner","stamp","nl","NL","Beta","Houd feedback kort als je wilt.

“Deze foto vond 6 van mijn 12 zegels” is al nuttige informatie.

Probeer de Browser Beta 👇
https://bit.ly/AIStampScannerApp

🤖 Vertaald met AI — taalfout gezien? Stuur me een DM.","213","threads","ai-translated","SOURCE","https://bit.ly/AIStampScannerApp","https://bit.ly/AIStampScannerApp","content-creator-nl.html","","",""
"STAMP-044-nl","STAMP-044","AI Stamp Collection Scanner","stamp","nl","NL","Foto’s","Test eerst een makkelijke foto en daarna een moeilijke.

Vergelijk waar de detectie sterk en kwetsbaar is.

Probeer de Browser Beta 👇
https://bit.ly/AIStampScannerApp

🤖 Vertaald met AI — taalfout gezien? Stuur me een DM.","223","threads","ai-translated","SOURCE","https://bit.ly/AIStampScannerApp","https://bit.ly/AIStampScannerApp","content-creator-nl.html","","",""
"STAMP-045-nl","STAMP-045","AI Stamp Collection Scanner","stamp","nl","NL","Onderzoek","Zie je mogelijk een bijzondere postzegel? Onderzoek hem verder.

Controleer betrouwbare bronnen of vraag een deskundige. AI is geen bewijs.

Probeer de Browser Beta 👇
https://bit.ly/AIStampScannerApp

🤖 Vertaald met AI — taalfout gezien? Stuur me een DM.","256","threads","ai-translated","SOURCE","https://bit.ly/AIStampScannerApp","https://bit.ly/AIStampScannerApp","content-creator-nl.html","","",""
"STAMP-046-nl","STAMP-046","AI Stamp Collection Scanner","stamp","nl","NL","Beta","Test eerst een eenvoudige Browser Beta met echte verzamelingen.

Maak hem pas complexer als duidelijk is wat nuttig is.

Probeer de Browser Beta 👇
https://bit.ly/AIStampScannerApp

🤖 Vertaald met AI — taalfout gezien? Stuur me een DM.","236","threads","ai-translated","SOURCE","https://bit.ly/AIStampScannerApp","https://bit.ly/AIStampScannerApp","content-creator-nl.html","","",""
"STAMP-047-nl","STAMP-047","AI Stamp Collection Scanner","stamp","nl","NL","Beta","Laat de tool niet meer zekerheid geven dan verantwoord is.

Blijf voorzichtig met uitspraken over waarde en echtheid.

Probeer de Browser Beta 👇
https://bit.ly/AIStampScannerApp

🤖 Vertaald met AI — taalfout gezien? Stuur me een DM.","234","threads","ai-translated","SOURCE","https://bit.ly/AIStampScannerApp","https://bit.ly/AIStampScannerApp","content-creator-nl.html","","",""
"STAMP-048-nl","STAMP-048","AI Stamp Collection Scanner","stamp","nl","NL","Inventaris","Houd de rollen duidelijk: de postzegel is de bron, de foto en AI zijn hulpmiddelen, de inventaris geeft overzicht.

Probeer de Browser Beta 👇
https://bit.ly/AIStampScannerApp

🤖 Vertaald met AI — taalfout gezien? Stuur me een DM.","231","threads","ai-translated","SOURCE","https://bit.ly/AIStampScannerApp","https://bit.ly/AIStampScannerApp","content-creator-nl.html","","",""
"STAMP-049-nl","STAMP-049","AI Stamp Collection Scanner","stamp","nl","NL","Beta","Als jij één functie mocht toevoegen aan AI Stamp Collection Scanner, welke zou dat zijn?

Probeer de Browser Beta 👇
https://bit.ly/AIStampScannerApp

🤖 Vertaald met AI — taalfout gezien? Stuur me een DM.","205","threads","ai-translated","SOURCE","https://bit.ly/AIStampScannerApp","https://bit.ly/AIStampScannerApp","content-creator-nl.html","","",""
"STAMP-050-nl","STAMP-050","AI Stamp Collection Scanner","stamp","nl","NL","Beta","Gebruik de Browser Beta om te ontdekken wat verzamelaars echt nodig hebben.

Test met je eigen postzegels en deel je feedback.

Probeer de Browser Beta 👇
https://bit.ly/AIStampScannerApp

🤖 Vertaald met AI — taalfout gezien? Stuur me een DM.","243","threads","ai-translated","SOURCE","https://bit.ly/AIStampScannerApp","https://bit.ly/AIStampScannerApp","content-creator-nl.html","","",""
"COIN-001-en","COIN-001","AI Coin Collection Scanner","coin","en","","Organize","A coin collection can grow faster than your notes can keep up.

AI Coin Collection Scanner helps turn collection photos into a structured inventory you can review and export.

Try the Browser Beta 👇
https://bit.ly/AICoinScannerApp

🌍 Available in English, Dutch, Spanish, French and Brazilian Portuguese.

DM me with your feedback.","333","threads","master","SOURCE","https://bit.ly/AICoinScannerApp","https://bit.ly/AICoinScannerApp","content-creator.html","","",""
"COIN-002-en","COIN-002","AI Coin Collection Scanner","coin","en","","Organize","Boxes, trays, albums, loose coins — collections rarely start with a perfect spreadsheet.

Start with photos and build a clearer coin inventory step by step.

Try the Browser Beta 👇
https://bit.ly/AICoinScannerApp

🌍 Available in English, Dutch, Spanish, French and Brazilian Portuguese.

DM me with your feedback.","315","threads","master","SOURCE","https://bit.ly/AICoinScannerApp","https://bit.ly/AICoinScannerApp","content-creator.html","","",""
"COIN-003-en","COIN-003","AI Coin Collection Scanner","coin","en","","Organize","The useful first step is not guessing what every coin is worth. It is knowing what you actually have.

Build a structured inventory from your collection photos.

Try the Browser Beta 👇
https://bit.ly/AICoinScannerApp

🌍 Available in English, Dutch, Spanish, French and Brazilian Portuguese.

DM me with your feedback.","319","threads","master","SOURCE","https://bit.ly/AICoinScannerApp","https://bit.ly/AICoinScannerApp","content-creator.html","","",""
"COIN-004-en","COIN-004","AI Coin Collection Scanner","coin","en","","Organize","A searchable coin inventory is easier to work with than hundreds of unnamed photos.

Use the Browser Beta to turn photos into organized records.

Try the Browser Beta 👇
https://bit.ly/AICoinScannerApp

🌍 Available in English, Dutch, Spanish, French and Brazilian Portuguese.

DM me with your feedback.","303","threads","master","SOURCE","https://bit.ly/AICoinScannerApp","https://bit.ly/AICoinScannerApp","content-creator.html","","",""
"COIN-005-en","COIN-005","AI Coin Collection Scanner","coin","en","","Organize","Inherited a coin collection and do not know where to begin?

Start by documenting it. A structured inventory gives you a practical overview before deeper research.

Try the Browser Beta 👇
https://bit.ly/AICoinScannerApp

🌍 Available in English, Dutch, Spanish, French and Brazilian Portuguese.

DM me with your feedback.","322","threads","master","SOURCE","https://bit.ly/AICoinScannerApp","https://bit.ly/AICoinScannerApp","content-creator.html","","",""
"COIN-006-en","COIN-006","AI Coin Collection Scanner","coin","en","","Organize","You do not need to research every coin before you start organizing.

Inventory first. Research interesting records afterwards.

Try the Browser Beta 👇
https://bit.ly/AICoinScannerApp

🌍 Available in English, Dutch, Spanish, French and Brazilian Portuguese.

DM me with your feedback.","285","threads","master","SOURCE","https://bit.ly/AICoinScannerApp","https://bit.ly/AICoinScannerApp","content-creator.html","","",""
"COIN-007-en","COIN-007","AI Coin Collection Scanner","coin","en","","Organize","One photo folder is not the same as a coin inventory.

Create records you can review, edit and save to Excel or CSV.

Try the Browser Beta 👇
https://bit.ly/AICoinScannerApp

🌍 Available in English, Dutch, Spanish, French and Brazilian Portuguese.

DM me with your feedback.","275","threads","master","SOURCE","https://bit.ly/AICoinScannerApp","https://bit.ly/AICoinScannerApp","content-creator.html","","",""
"COIN-008-en","COIN-008","AI Coin Collection Scanner","coin","en","","Organize","A collection becomes easier to manage when each coin has a place in an inventory.

The Browser Beta is designed to help with that first practical step.

Try the Browser Beta 👇
https://bit.ly/AICoinScannerApp

🌍 Available in English, Dutch, Spanish, French and Brazilian Portuguese.

DM me with your feedback.","310","threads","master","SOURCE","https://bit.ly/AICoinScannerApp","https://bit.ly/AICoinScannerApp","content-creator.html","","",""
"COIN-009-en","COIN-009","AI Coin Collection Scanner","coin","en","","Organize","Coin collecting creates information: country, denomination, year, photos, notes and research leads.

Keep that information together in a structured inventory.

Try the Browser Beta 👇
https://bit.ly/AICoinScannerApp

🌍 Available in English, Dutch, Spanish, French and Brazilian Portuguese.

DM me with your feedback.","317","threads","master","SOURCE","https://bit.ly/AICoinScannerApp","https://bit.ly/AICoinScannerApp","content-creator.html","","",""
"COIN-010-en","COIN-010","AI Coin Collection Scanner","coin","en","","Organize","Before adding more coins, it can help to understand the collection you already own.

Turn your photos into an inventory you can continue improving.

Try the Browser Beta 👇
https://bit.ly/AICoinScannerApp

🌍 Available in English, Dutch, Spanish, French and Brazilian Portuguese.

DM me with your feedback.","306","threads","master","SOURCE","https://bit.ly/AICoinScannerApp","https://bit.ly/AICoinScannerApp","content-creator.html","","",""
"COIN-011-en","COIN-011","AI Coin Collection Scanner","coin","en","","Photos","Photographing several coins at once? Keep them in the same positions when you turn them over.

That makes front and reverse photos much easier to match.

Try the Browser Beta 👇
https://bit.ly/AICoinScannerApp

🌍 Available in English, Dutch, Spanish, French and Brazilian Portuguese.

DM me with your feedback.","311","threads","master","SOURCE","https://bit.ly/AICoinScannerApp","https://bit.ly/AICoinScannerApp","content-creator.html","","",""
"COIN-012-en","COIN-012","AI Coin Collection Scanner","coin","en","","Photos","Simple photo habit: number your coin photos as you work.

It makes later checking and matching much easier, especially with larger collections.

Try the Browser Beta 👇
https://bit.ly/AICoinScannerApp

🌍 Available in English, Dutch, Spanish, French and Brazilian Portuguese.

DM me with your feedback.","302","threads","master","SOURCE","https://bit.ly/AICoinScannerApp","https://bit.ly/AICoinScannerApp","content-creator.html","","",""
"COIN-013-en","COIN-013","AI Coin Collection Scanner","coin","en","","Photos","For grouped coin photos, position matters.

Keep the layout unchanged between the front and reverse shot so the two sides can be paired more reliably.

Try the Browser Beta 👇
https://bit.ly/AICoinScannerApp

🌍 Available in English, Dutch, Spanish, French and Brazilian Portuguese.

DM me with your feedback.","309","threads","master","SOURCE","https://bit.ly/AICoinScannerApp","https://bit.ly/AICoinScannerApp","content-creator.html","","",""
"COIN-014-en","COIN-014","AI Coin Collection Scanner","coin","en","","Photos","Clear photos make a better starting point for coin research.

Use even light, avoid heavy reflections and keep important details visible.

Try the Browser Beta 👇
https://bit.ly/AICoinScannerApp

🌍 Available in English, Dutch, Spanish, French and Brazilian Portuguese.

DM me with your feedback.","296","threads","master","SOURCE","https://bit.ly/AICoinScannerApp","https://bit.ly/AICoinScannerApp","content-creator.html","","",""
"COIN-015-en","COIN-015","AI Coin Collection Scanner","coin","en","","Photos","Do not pile coins on top of each other for an inventory photo.

Visible edges, dates and designs give you much more useful records to work with.

Try the Browser Beta 👇
https://bit.ly/AICoinScannerApp

🌍 Available in English, Dutch, Spanish, French and Brazilian Portuguese.

DM me with your feedback.","303","threads","master","SOURCE","https://bit.ly/AICoinScannerApp","https://bit.ly/AICoinScannerApp","content-creator.html","","",""
"COIN-016-en","COIN-016","AI Coin Collection Scanner","coin","en","","Photos","A consistent photo routine saves work later.

Front photo → keep positions → turn coins → reverse photo → continue with the next group.

Try the Browser Beta 👇
https://bit.ly/AICoinScannerApp

🌍 Available in English, Dutch, Spanish, French and Brazilian Portuguese.

DM me with your feedback.","294","threads","master","SOURCE","https://bit.ly/AICoinScannerApp","https://bit.ly/AICoinScannerApp","content-creator.html","","",""
"COIN-017-en","COIN-017","AI Coin Collection Scanner","coin","en","","Photos","Large collection? Work in manageable photo groups instead of trying to document everything at once.

A repeatable process beats a perfect one-day project.

Try the Browser Beta 👇
https://bit.ly/AICoinScannerApp

🌍 Available in English, Dutch, Spanish, French and Brazilian Portuguese.

DM me with your feedback.","313","threads","master","SOURCE","https://bit.ly/AICoinScannerApp","https://bit.ly/AICoinScannerApp","content-creator.html","","",""
"COIN-018-en","COIN-018","AI Coin Collection Scanner","coin","en","","Photos","If a coin is worth researching further, better photos help.

Capture enough detail to compare it later with qualified public reference sources.

Try the Browser Beta 👇
https://bit.ly/AICoinScannerApp

🌍 Available in English, Dutch, Spanish, French and Brazilian Portuguese.

DM me with your feedback.","302","threads","master","SOURCE","https://bit.ly/AICoinScannerApp","https://bit.ly/AICoinScannerApp","content-creator.html","","",""
"COIN-019-en","COIN-019","AI Coin Collection Scanner","coin","en","","Photos","Your camera roll can become part of a useful collecting workflow.

Photograph, organize, review and export instead of leaving the images unnamed.

Try the Browser Beta 👇
https://bit.ly/AICoinScannerApp

🌍 Available in English, Dutch, Spanish, French and Brazilian Portuguese.

DM me with your feedback.","304","threads","master","SOURCE","https://bit.ly/AICoinScannerApp","https://bit.ly/AICoinScannerApp","content-creator.html","","",""
"COIN-020-en","COIN-020","AI Coin Collection Scanner","coin","en","","Photos","Good matching starts when the photo is taken.

For multiple coins, keep every coin in the same position between front and reverse images.

Try the Browser Beta 👇
https://bit.ly/AICoinScannerApp

🌍 Available in English, Dutch, Spanish, French and Brazilian Portuguese.

DM me with your feedback.","296","threads","master","SOURCE","https://bit.ly/AICoinScannerApp","https://bit.ly/AICoinScannerApp","content-creator.html","","",""
"COIN-021-en","COIN-021","AI Coin Collection Scanner","coin","en","","Research","Not every coin needs the same amount of research.

The Browser Beta can help you mark records that deserve a closer look.

Try the Browser Beta 👇
https://bit.ly/AICoinScannerApp

🌍 Available in English, Dutch, Spanish, French and Brazilian Portuguese.

DM me with your feedback.","280","threads","master","SOURCE","https://bit.ly/AICoinScannerApp","https://bit.ly/AICoinScannerApp","content-creator.html","","",""
"COIN-022-en","COIN-022","AI Coin Collection Scanner","coin","en","","Research","Interesting coin? Treat the inventory as a research starting point, not a valuation certificate.

Check promising records against qualified public sources.

Try the Browser Beta 👇
https://bit.ly/AICoinScannerApp

🌍 Available in English, Dutch, Spanish, French and Brazilian Portuguese.

DM me with your feedback.","314","threads","master","SOURCE","https://bit.ly/AICoinScannerApp","https://bit.ly/AICoinScannerApp","content-creator.html","","",""
"COIN-023-en","COIN-023","AI Coin Collection Scanner","coin","en","","Research","Coin identification can require details that a single photo does not show.

Use the Beta to organize observations and decide what deserves further research.

Try the Browser Beta 👇
https://bit.ly/AICoinScannerApp

🌍 Available in English, Dutch, Spanish, French and Brazilian Portuguese.

DM me with your feedback.","315","threads","master","SOURCE","https://bit.ly/AICoinScannerApp","https://bit.ly/AICoinScannerApp","content-creator.html","","",""
"COIN-024-en","COIN-024","AI Coin Collection Scanner","coin","en","","Research","A research-priority label is useful because your time is limited.

Focus deeper checking on the coins that actually raise questions.

Try the Browser Beta 👇
https://bit.ly/AICoinScannerApp

🌍 Available in English, Dutch, Spanish, French and Brazilian Portuguese.

DM me with your feedback.","291","threads","master","SOURCE","https://bit.ly/AICoinScannerApp","https://bit.ly/AICoinScannerApp","content-creator.html","","",""
"COIN-025-en","COIN-025","AI Coin Collection Scanner","coin","en","","Research","Country, denomination and year can point you toward better reference sources.

A structured record makes that follow-up research easier.

Try the Browser Beta 👇
https://bit.ly/AICoinScannerApp

🌍 Available in English, Dutch, Spanish, French and Brazilian Portuguese.

DM me with your feedback.","295","threads","master","SOURCE","https://bit.ly/AICoinScannerApp","https://bit.ly/AICoinScannerApp","content-creator.html","","",""
"COIN-026-en","COIN-026","AI Coin Collection Scanner","coin","en","","Research","The Browser Beta does not promise rarity or value.

It helps create an inventory and flag records that may be worth investigating further.

Try the Browser Beta 👇
https://bit.ly/AICoinScannerApp

🌍 Available in English, Dutch, Spanish, French and Brazilian Portuguese.

DM me with your feedback.","297","threads","master","SOURCE","https://bit.ly/AICoinScannerApp","https://bit.ly/AICoinScannerApp","content-creator.html","","",""
"COIN-027-en","COIN-027","AI Coin Collection Scanner","coin","en","","Research","Good collecting software should separate facts from guesses.

Record what you can see, then use reliable sources for deeper identification and research.

Try the Browser Beta 👇
https://bit.ly/AICoinScannerApp

🌍 Available in English, Dutch, Spanish, French and Brazilian Portuguese.

DM me with your feedback.","311","threads","master","SOURCE","https://bit.ly/AICoinScannerApp","https://bit.ly/AICoinScannerApp","content-creator.html","","",""
"COIN-028-en","COIN-028","AI Coin Collection Scanner","coin","en","","Research","Sometimes the best result is not an instant answer.

It is a well-organized record that tells you exactly what still needs checking.

Try the Browser Beta 👇
https://bit.ly/AICoinScannerApp

🌍 Available in English, Dutch, Spanish, French and Brazilian Portuguese.

DM me with your feedback.","291","threads","master","SOURCE","https://bit.ly/AICoinScannerApp","https://bit.ly/AICoinScannerApp","content-creator.html","","",""
"COIN-029-en","COIN-029","AI Coin Collection Scanner","coin","en","","Research","A coin that looks unusual is a reason to research — not proof that it is rare.

Use the inventory to keep those leads organized.

Try the Browser Beta 👇
https://bit.ly/AICoinScannerApp

🌍 Available in English, Dutch, Spanish, French and Brazilian Portuguese.

DM me with your feedback.","287","threads","master","SOURCE","https://bit.ly/AICoinScannerApp","https://bit.ly/AICoinScannerApp","content-creator.html","","",""
"COIN-030-en","COIN-030","AI Coin Collection Scanner","coin","en","","Research","Public reference sources are most useful when you already know which records need attention.

That is why research priority is part of the workflow.

Try the Browser Beta 👇
https://bit.ly/AICoinScannerApp

🌍 Available in English, Dutch, Spanish, French and Brazilian Portuguese.

DM me with your feedback.","307","threads","master","SOURCE","https://bit.ly/AICoinScannerApp","https://bit.ly/AICoinScannerApp","content-creator.html","","",""
"COIN-031-en","COIN-031","AI Coin Collection Scanner","coin","en","","Export","Prefer Excel? Export your coin inventory and continue working with familiar spreadsheet tools.

Try the Browser Beta 👇
https://bit.ly/AICoinScannerApp

🌍 Available in English, Dutch, Spanish, French and Brazilian Portuguese.

DM me with your feedback.","253","threads","master","SOURCE","https://bit.ly/AICoinScannerApp","https://bit.ly/AICoinScannerApp","content-creator.html","","",""
"COIN-032-en","COIN-032","AI Coin Collection Scanner","coin","en","","Export","Need a simple portable format? CSV export is available too.

Your inventory is meant to remain useful outside the Browser Beta.

Try the Browser Beta 👇
https://bit.ly/AICoinScannerApp

🌍 Available in English, Dutch, Spanish, French and Brazilian Portuguese.

DM me with your feedback.","286","threads","master","SOURCE","https://bit.ly/AICoinScannerApp","https://bit.ly/AICoinScannerApp","content-creator.html","","",""
"COIN-033-en","COIN-033","AI Coin Collection Scanner","coin","en","","Export","A coin inventory becomes more useful when you can take the data with you.

Review your records, then save them to Excel or CSV.

Try the Browser Beta 👇
https://bit.ly/AICoinScannerApp

🌍 Available in English, Dutch, Spanish, French and Brazilian Portuguese.

DM me with your feedback.","286","threads","master","SOURCE","https://bit.ly/AICoinScannerApp","https://bit.ly/AICoinScannerApp","content-creator.html","","",""
"COIN-034-en","COIN-034","AI Coin Collection Scanner","coin","en","","Export","The Browser Beta is not an Excel application.

Excel is an export option so your structured inventory can continue in a familiar format.

Try the Browser Beta 👇
https://bit.ly/AICoinScannerApp

🌍 Available in English, Dutch, Spanish, French and Brazilian Portuguese.

DM me with your feedback.","295","threads","master","SOURCE","https://bit.ly/AICoinScannerApp","https://bit.ly/AICoinScannerApp","content-creator.html","","",""
"COIN-035-en","COIN-035","AI Coin Collection Scanner","coin","en","","Export","Build the records in the browser. Save the inventory afterwards.

Excel and CSV exports keep the workflow practical and portable.

Try the Browser Beta 👇
https://bit.ly/AICoinScannerApp

🌍 Available in English, Dutch, Spanish, French and Brazilian Portuguese.

DM me with your feedback.","288","threads","master","SOURCE","https://bit.ly/AICoinScannerApp","https://bit.ly/AICoinScannerApp","content-creator.html","","",""
"COIN-036-en","COIN-036","AI Coin Collection Scanner","coin","en","","Beta","I am building AI Coin Collection Scanner for collectors who want a simpler way to inventory coins from photos.

The Browser Beta is deliberately focused on organization and research support.

Try the Browser Beta 👇
https://bit.ly/AICoinScannerApp

🌍 Available in English, Dutch, Spanish, French and Brazilian Portuguese.

DM me with your feedback.","349","threads","master","SOURCE","https://bit.ly/AICoinScannerApp","https://bit.ly/AICoinScannerApp","content-creator.html","","",""
"COIN-037-en","COIN-037","AI Coin Collection Scanner","coin","en","","Beta","Beta means useful now, still improving.

Try the coin inventory workflow and tell me which part would save you the most time.

Try the Browser Beta 👇
https://bit.ly/AICoinScannerApp

🌍 Available in English, Dutch, Spanish, French and Brazilian Portuguese.

DM me with your feedback.","284","threads","master","SOURCE","https://bit.ly/AICoinScannerApp","https://bit.ly/AICoinScannerApp","content-creator.html","","",""
"COIN-038-en","COIN-038","AI Coin Collection Scanner","coin","en","","Beta","This tool does not claim to authenticate coins or guarantee identification, rarity or value.

It is built to help organize a collection and support further research.

Try the Browser Beta 👇
https://bit.ly/AICoinScannerApp

🌍 Available in English, Dutch, Spanish, French and Brazilian Portuguese.

DM me with your feedback.","324","threads","master","SOURCE","https://bit.ly/AICoinScannerApp","https://bit.ly/AICoinScannerApp","content-creator.html","","",""
"COIN-039-en","COIN-039","AI Coin Collection Scanner","coin","en","","Beta","The goal is simple: make the first stage of documenting a coin collection less messy.

Photos in. Structured records out. Review and export when ready.

Try the Browser Beta 👇
https://bit.ly/AICoinScannerApp

🌍 Available in English, Dutch, Spanish, French and Brazilian Portuguese.

DM me with your feedback.","310","threads","master","SOURCE","https://bit.ly/AICoinScannerApp","https://bit.ly/AICoinScannerApp","content-creator.html","","",""
"COIN-040-en","COIN-040","AI Coin Collection Scanner","coin","en","","Beta","Collectors often have plenty of photos but no consistent inventory.

That gap is what this Browser Beta is designed to tackle.

Try the Browser Beta 👇
https://bit.ly/AICoinScannerApp

🌍 Available in English, Dutch, Spanish, French and Brazilian Portuguese.

DM me with your feedback.","285","threads","master","SOURCE","https://bit.ly/AICoinScannerApp","https://bit.ly/AICoinScannerApp","content-creator.html","","",""
"COIN-041-en","COIN-041","AI Coin Collection Scanner","coin","en","","Beta","I would rather make a focused coin inventory tool useful than fill it with features collectors do not need.

Beta feedback helps decide what comes next.

Try the Browser Beta 👇
https://bit.ly/AICoinScannerApp

🌍 Available in English, Dutch, Spanish, French and Brazilian Portuguese.","284","threads","master","SOURCE","https://bit.ly/AICoinScannerApp","https://bit.ly/AICoinScannerApp","content-creator.html","","",""
"COIN-042-en","COIN-042","AI Coin Collection Scanner","coin","en","","Beta","What would you most want added to a coin collection inventory tool?

Better research support, easier photo matching, richer exports, or something else?

Try the Browser Beta 👇
https://bit.ly/AICoinScannerApp

🌍 Available in English, Dutch, Spanish, French and Brazilian Portuguese.

DM me with your feedback.","310","threads","master","SOURCE","https://bit.ly/AICoinScannerApp","https://bit.ly/AICoinScannerApp","content-creator.html","","",""
"COIN-043-en","COIN-043","AI Coin Collection Scanner","coin","en","","Beta","If you have a small coin collection, test the workflow on a few coins first.

If it feels useful there, scale it to the rest of your collection.

Try the Browser Beta 👇
https://bit.ly/AICoinScannerApp

🌍 Available in English, Dutch, Spanish, French and Brazilian Portuguese.

DM me with your feedback.","303","threads","master","SOURCE","https://bit.ly/AICoinScannerApp","https://bit.ly/AICoinScannerApp","content-creator.html","","",""
"COIN-044-en","COIN-044","AI Coin Collection Scanner","coin","en","","Beta","Testing with real collections matters more than designing for imaginary perfect photos.

That is why collector feedback is valuable during Beta.

Try the Browser Beta 👇
https://bit.ly/AICoinScannerApp

🌍 Available in English, Dutch, Spanish, French and Brazilian Portuguese.","276","threads","master","SOURCE","https://bit.ly/AICoinScannerApp","https://bit.ly/AICoinScannerApp","content-creator.html","","",""
"COIN-045-en","COIN-045","AI Coin Collection Scanner","coin","en","","Beta","AI Coin Collection Scanner is a Browser Beta for inventory assistance — not a professional grading or valuation service.

Use it to organize first and research responsibly.

Try the Browser Beta 👇
https://bit.ly/AICoinScannerApp

🌍 Available in English, Dutch, Spanish, French and Brazilian Portuguese.

DM me with your feedback.","331","threads","master","SOURCE","https://bit.ly/AICoinScannerApp","https://bit.ly/AICoinScannerApp","content-creator.html","","",""
"COIN-046-en","COIN-046","AI Coin Collection Scanner","coin","en","","Collector tip","Collector tip: keep a short note on why a coin needs more research.

Future you will know exactly what question you were trying to answer.

Try the Browser Beta 👇
https://bit.ly/AICoinScannerApp

🌍 Available in English, Dutch, Spanish, French and Brazilian Portuguese.

DM me with your feedback.","297","threads","master","SOURCE","https://bit.ly/AICoinScannerApp","https://bit.ly/AICoinScannerApp","content-creator.html","","",""
"COIN-047-en","COIN-047","AI Coin Collection Scanner","coin","en","","Collector tip","Collector tip: do not wait until your collection is huge to start an inventory.

A simple structure is much easier to maintain than to reconstruct later.

Try the Browser Beta 👇
https://bit.ly/AICoinScannerApp

🌍 Available in English, Dutch, Spanish, French and Brazilian Portuguese.

DM me with your feedback.","312","threads","master","SOURCE","https://bit.ly/AICoinScannerApp","https://bit.ly/AICoinScannerApp","content-creator.html","","",""
"COIN-048-en","COIN-048","AI Coin Collection Scanner","coin","en","","Collector tip","Collector tip: photograph the same way each time.

Consistency makes comparing, matching and reviewing coins much easier.

Try the Browser Beta 👇
https://bit.ly/AICoinScannerApp

🌍 Available in English, Dutch, Spanish, French and Brazilian Portuguese.

DM me with your feedback.","280","threads","master","SOURCE","https://bit.ly/AICoinScannerApp","https://bit.ly/AICoinScannerApp","content-creator.html","","",""
"COIN-049-en","COIN-049","AI Coin Collection Scanner","coin","en","","Collector tip","Collector tip: separate inventory work from valuation research.

First document the collection. Then spend research time where it matters.

Try the Browser Beta 👇
https://bit.ly/AICoinScannerApp

🌍 Available in English, Dutch, Spanish, French and Brazilian Portuguese.

DM me with your feedback.","297","threads","master","SOURCE","https://bit.ly/AICoinScannerApp","https://bit.ly/AICoinScannerApp","content-creator.html","","",""
"COIN-050-en","COIN-050","AI Coin Collection Scanner","coin","en","","Collector tip","Collector tip: keep original photos even after creating your inventory.

They remain useful when you want to inspect a detail again later.

Try the Browser Beta 👇
https://bit.ly/AICoinScannerApp

🌍 Available in English, Dutch, Spanish, French and Brazilian Portuguese.

DM me with your feedback.","297","threads","master","SOURCE","https://bit.ly/AICoinScannerApp","https://bit.ly/AICoinScannerApp","content-creator.html","","",""
"COIN-001-nl","COIN-001","AI Coin Collection Scanner","coin","nl","NL","Organiseren","Breng je munten eerst in kaart.

Zet foto’s om in een gestructureerde inventaris die je kunt controleren en exporteren.

Probeer de Browser Beta 👇
https://bit.ly/AICoinScannerApp

🤖 Vertaald met AI — taalfout gezien? Stuur me een DM.","235","threads","ai-translated","SOURCE","https://bit.ly/AICoinScannerApp","https://bit.ly/AICoinScannerApp","content-creator-nl.html","","",""
"COIN-002-nl","COIN-002","AI Coin Collection Scanner","coin","nl","NL","Organiseren","Begin met foto’s, niet met een perfecte spreadsheet.

Bouw stap voor stap een duidelijke munteninventaris.

Probeer de Browser Beta 👇
https://bit.ly/AICoinScannerApp

🤖 Vertaald met AI — taalfout gezien? Stuur me een DM.","222","threads","ai-translated","SOURCE","https://bit.ly/AICoinScannerApp","https://bit.ly/AICoinScannerApp","content-creator-nl.html","","",""
"COIN-003-nl","COIN-003","AI Coin Collection Scanner","coin","nl","NL","Organiseren","Raad niet eerst wat iedere munt waard is.

Breng eerst in beeld wat je werkelijk hebt.

Probeer de Browser Beta 👇
https://bit.ly/AICoinScannerApp

🤖 Vertaald met AI — taalfout gezien? Stuur me een DM.","202","threads","ai-translated","SOURCE","https://bit.ly/AICoinScannerApp","https://bit.ly/AICoinScannerApp","content-creator-nl.html","","",""
"COIN-004-nl","COIN-004","AI Coin Collection Scanner","coin","nl","NL","Organiseren","Maak van losse foto’s een doorzoekbare munteninventaris.

Dat werkt beter dan honderden naamloze afbeeldingen.

Probeer de Browser Beta 👇
https://bit.ly/AICoinScannerApp

🤖 Vertaald met AI — taalfout gezien? Stuur me een DM.","226","threads","ai-translated","SOURCE","https://bit.ly/AICoinScannerApp","https://bit.ly/AICoinScannerApp","content-creator-nl.html","","",""
"COIN-005-nl","COIN-005","AI Coin Collection Scanner","coin","nl","NL","Organiseren","Een muntenverzameling geërfd? Begin met documenteren.

Maak eerst overzicht. Doe daarna gericht onderzoek.

Probeer de Browser Beta 👇
https://bit.ly/AICoinScannerApp

🤖 Vertaald met AI — taalfout gezien? Stuur me een DM.","222","threads","ai-translated","SOURCE","https://bit.ly/AICoinScannerApp","https://bit.ly/AICoinScannerApp","content-creator-nl.html","","",""
"COIN-006-nl","COIN-006","AI Coin Collection Scanner","coin","nl","NL","Organiseren","Inventariseer eerst. Onderzoek daarna.

Je hoeft niet iedere munt meteen volledig uit te zoeken.

Probeer de Browser Beta 👇
https://bit.ly/AICoinScannerApp

🤖 Vertaald met AI — taalfout gezien? Stuur me een DM.","212","threads","ai-translated","SOURCE","https://bit.ly/AICoinScannerApp","https://bit.ly/AICoinScannerApp","content-creator-nl.html","","",""
"COIN-007-nl","COIN-007","AI Coin Collection Scanner","coin","nl","NL","Organiseren","Maak van een map vol foto’s bruikbare records.

Controleer, pas aan en sla op als Excel of CSV.

Probeer de Browser Beta 👇
https://bit.ly/AICoinScannerApp

🤖 Vertaald met AI — taalfout gezien? Stuur me een DM.","211","threads","ai-translated","SOURCE","https://bit.ly/AICoinScannerApp","https://bit.ly/AICoinScannerApp","content-creator-nl.html","","",""
"COIN-008-nl","COIN-008","AI Coin Collection Scanner","coin","nl","NL","Organiseren","Geef iedere munt een plek in je inventaris.

Zo wordt je verzameling makkelijker te beheren.

Probeer de Browser Beta 👇
https://bit.ly/AICoinScannerApp

🤖 Vertaald met AI — taalfout gezien? Stuur me een DM.","208","threads","ai-translated","SOURCE","https://bit.ly/AICoinScannerApp","https://bit.ly/AICoinScannerApp","content-creator-nl.html","","",""
"COIN-009-nl","COIN-009","AI Coin Collection Scanner","coin","nl","NL","Organiseren","Bewaar land, nominale waarde, jaar, foto’s en notities bij elkaar.

Maak onderzoeksvragen onderdeel van hetzelfde record.

Probeer de Browser Beta 👇
https://bit.ly/AICoinScannerApp

🤖 Vertaald met AI — taalfout gezien? Stuur me een DM.","237","threads","ai-translated","SOURCE","https://bit.ly/AICoinScannerApp","https://bit.ly/AICoinScannerApp","content-creator-nl.html","","",""
"COIN-010-nl","COIN-010","AI Coin Collection Scanner","coin","nl","NL","Organiseren","Weet wat je al bezit vóór je verder verzamelt.

Maak een inventaris die je later kunt aanvullen.

Probeer de Browser Beta 👇
https://bit.ly/AICoinScannerApp

🤖 Vertaald met AI — taalfout gezien? Stuur me een DM.","212","threads","ai-translated","SOURCE","https://bit.ly/AICoinScannerApp","https://bit.ly/AICoinScannerApp","content-creator-nl.html","","",""
"COIN-011-nl","COIN-011","AI Coin Collection Scanner","coin","nl","NL","Foto’s","Fotografeer meerdere munten steeds op dezelfde positie.

Draai ze om zonder de indeling te veranderen. Zo koppel je voor- en achterkant makkelijker.

Probeer de Browser Beta 👇
https://bit.ly/AICoinScannerApp

🤖 Vertaald met AI — taalfout gezien? Stuur me een DM.","264","threads","ai-translated","SOURCE","https://bit.ly/AICoinScannerApp","https://bit.ly/AICoinScannerApp","content-creator-nl.html","","",""
"COIN-012-nl","COIN-012","AI Coin Collection Scanner","coin","nl","NL","Foto’s","Nummer je muntfoto’s.

Dat maakt controleren en koppelen later veel eenvoudiger.

Probeer de Browser Beta 👇
https://bit.ly/AICoinScannerApp

🤖 Vertaald met AI — taalfout gezien? Stuur me een DM.","196","threads","ai-translated","SOURCE","https://bit.ly/AICoinScannerApp","https://bit.ly/AICoinScannerApp","content-creator-nl.html","","",""
"COIN-013-nl","COIN-013","AI Coin Collection Scanner","coin","nl","NL","Foto’s","Houd bij groepsfoto’s dezelfde indeling aan.

Zo kun je voor- en achterzijde betrouwbaarder koppelen.

Probeer de Browser Beta 👇
https://bit.ly/AICoinScannerApp

🤖 Vertaald met AI — taalfout gezien? Stuur me een DM.","217","threads","ai-translated","SOURCE","https://bit.ly/AICoinScannerApp","https://bit.ly/AICoinScannerApp","content-creator-nl.html","","",""
"COIN-014-nl","COIN-014","AI Coin Collection Scanner","coin","nl","NL","Foto’s","Maak duidelijke foto’s.

Gebruik gelijkmatig licht, vermijd sterke reflecties en houd belangrijke details zichtbaar.

Probeer de Browser Beta 👇
https://bit.ly/AICoinScannerApp

🤖 Vertaald met AI — taalfout gezien? Stuur me een DM.","232","threads","ai-translated","SOURCE","https://bit.ly/AICoinScannerApp","https://bit.ly/AICoinScannerApp","content-creator-nl.html","","",""
"COIN-015-nl","COIN-015","AI Coin Collection Scanner","coin","nl","NL","Foto’s","Leg munten naast elkaar, niet over elkaar.

Houd randen, jaartallen en ontwerpen zichtbaar.

Probeer de Browser Beta 👇
https://bit.ly/AICoinScannerApp

🤖 Vertaald met AI — taalfout gezien? Stuur me een DM.","207","threads","ai-translated","SOURCE","https://bit.ly/AICoinScannerApp","https://bit.ly/AICoinScannerApp","content-creator-nl.html","","",""
"COIN-016-nl","COIN-016","AI Coin Collection Scanner","coin","nl","NL","Foto’s","Gebruik een vaste routine:
voorzijde → posities behouden → omdraaien → achterzijde → volgende groep.

Probeer de Browser Beta 👇
https://bit.ly/AICoinScannerApp

🤖 Vertaald met AI — taalfout gezien? Stuur me een DM.","216","threads","ai-translated","SOURCE","https://bit.ly/AICoinScannerApp","https://bit.ly/AICoinScannerApp","content-creator-nl.html","","",""
"COIN-017-nl","COIN-017","AI Coin Collection Scanner","coin","nl","NL","Foto’s","Werk met kleine groepen foto’s.

Een vaste routine werkt beter dan je hele verzameling in één keer fotograferen.

Probeer de Browser Beta 👇
https://bit.ly/AICoinScannerApp

🤖 Vertaald met AI — taalfout gezien? Stuur me een DM.","228","threads","ai-translated","SOURCE","https://bit.ly/AICoinScannerApp","https://bit.ly/AICoinScannerApp","content-creator-nl.html","","",""
"COIN-018-nl","COIN-018","AI Coin Collection Scanner","coin","nl","NL","Foto’s","Maak extra duidelijke foto’s van munten die verder onderzoek verdienen.

Leg genoeg detail vast om later bronnen te vergelijken.

Probeer de Browser Beta 👇
https://bit.ly/AICoinScannerApp

🤖 Vertaald met AI — taalfout gezien? Stuur me een DM.","244","threads","ai-translated","SOURCE","https://bit.ly/AICoinScannerApp","https://bit.ly/AICoinScannerApp","content-creator-nl.html","","",""
"COIN-019-nl","COIN-019","AI Coin Collection Scanner","coin","nl","NL","Foto’s","Maak van je camerarol een werkbare verzameling.

Fotografeer, organiseer, controleer en exporteer.

Probeer de Browser Beta 👇
https://bit.ly/AICoinScannerApp

🤖 Vertaald met AI — taalfout gezien? Stuur me een DM.","214","threads","ai-translated","SOURCE","https://bit.ly/AICoinScannerApp","https://bit.ly/AICoinScannerApp","content-creator-nl.html","","",""
"COIN-020-nl","COIN-020","AI Coin Collection Scanner","coin","nl","NL","Foto’s","Denk bij het fotograferen al aan koppelen.

Houd iedere munt op dezelfde plek tussen voor- en achterzijdefoto.

Probeer de Browser Beta 👇
https://bit.ly/AICoinScannerApp

🤖 Vertaald met AI — taalfout gezien? Stuur me een DM.","226","threads","ai-translated","SOURCE","https://bit.ly/AICoinScannerApp","https://bit.ly/AICoinScannerApp","content-creator-nl.html","","",""
"COIN-021-nl","COIN-021","AI Coin Collection Scanner","coin","nl","NL","Onderzoek","Onderzoek niet iedere munt even uitgebreid.

Markeer eerst welke records een nadere blik verdienen.

Probeer de Browser Beta 👇
https://bit.ly/AICoinScannerApp

🤖 Vertaald met AI — taalfout gezien? Stuur me een DM.","215","threads","ai-translated","SOURCE","https://bit.ly/AICoinScannerApp","https://bit.ly/AICoinScannerApp","content-creator-nl.html","","",""
"COIN-022-nl","COIN-022","AI Coin Collection Scanner","coin","nl","NL","Onderzoek","Zie een interessante munt als startpunt voor onderzoek, niet als waardecertificaat.

Controleer betrouwbare bronnen.

Probeer de Browser Beta 👇
https://bit.ly/AICoinScannerApp

🤖 Vertaald met AI — taalfout gezien? Stuur me een DM.","232","threads","ai-translated","SOURCE","https://bit.ly/AICoinScannerApp","https://bit.ly/AICoinScannerApp","content-creator-nl.html","","",""
"COIN-023-nl","COIN-023","AI Coin Collection Scanner","coin","nl","NL","Onderzoek","Leg vast wat je op de foto ziet.

Bepaal daarna welke details nog verder onderzocht moeten worden.

Probeer de Browser Beta 👇
https://bit.ly/AICoinScannerApp

🤖 Vertaald met AI — taalfout gezien? Stuur me een DM.","214","threads","ai-translated","SOURCE","https://bit.ly/AICoinScannerApp","https://bit.ly/AICoinScannerApp","content-creator-nl.html","","",""
"COIN-024-nl","COIN-024","AI Coin Collection Scanner","coin","nl","NL","Onderzoek","Geef onderzoeksprioriteit aan munten die vragen oproepen.

Besteed je tijd waar die het meest nodig is.

Probeer de Browser Beta 👇
https://bit.ly/AICoinScannerApp

🤖 Vertaald met AI — taalfout gezien? Stuur me een DM.","219","threads","ai-translated","SOURCE","https://bit.ly/AICoinScannerApp","https://bit.ly/AICoinScannerApp","content-creator-nl.html","","",""
"COIN-025-nl","COIN-025","AI Coin Collection Scanner","coin","nl","NL","Onderzoek","Gebruik land, nominale waarde en jaar om betere referentiebronnen te vinden.

Probeer de Browser Beta 👇
https://bit.ly/AICoinScannerApp

🤖 Vertaald met AI — taalfout gezien? Stuur me een DM.","192","threads","ai-translated","SOURCE","https://bit.ly/AICoinScannerApp","https://bit.ly/AICoinScannerApp","content-creator-nl.html","","",""
"COIN-026-nl","COIN-026","AI Coin Collection Scanner","coin","nl","NL","Onderzoek","Zie de Browser Beta niet als waardebepaler.

Maak een inventaris en markeer wat verder onderzoek verdient.

Probeer de Browser Beta 👇
https://bit.ly/AICoinScannerApp

🤖 Vertaald met AI — taalfout gezien? Stuur me een DM.","222","threads","ai-translated","SOURCE","https://bit.ly/AICoinScannerApp","https://bit.ly/AICoinScannerApp","content-creator-nl.html","","",""
"COIN-027-nl","COIN-027","AI Coin Collection Scanner","coin","nl","NL","Onderzoek","Houd feiten en aannames uit elkaar.

Noteer wat zichtbaar is. Gebruik betrouwbare bronnen voor diepere identificatie.

Probeer de Browser Beta 👇
https://bit.ly/AICoinScannerApp

🤖 Vertaald met AI — taalfout gezien? Stuur me een DM.","233","threads","ai-translated","SOURCE","https://bit.ly/AICoinScannerApp","https://bit.ly/AICoinScannerApp","content-creator-nl.html","","",""
"COIN-028-nl","COIN-028","AI Coin Collection Scanner","coin","nl","NL","Onderzoek","Accepteer dat niet ieder record direct een antwoord geeft.

Leg duidelijk vast wat nog gecontroleerd moet worden.

Probeer de Browser Beta 👇
https://bit.ly/AICoinScannerApp

🤖 Vertaald met AI — taalfout gezien? Stuur me een DM.","229","threads","ai-translated","SOURCE","https://bit.ly/AICoinScannerApp","https://bit.ly/AICoinScannerApp","content-creator-nl.html","","",""
"COIN-029-nl","COIN-029","AI Coin Collection Scanner","coin","nl","NL","Onderzoek","Ongewoon is niet automatisch zeldzaam.

Gebruik een opvallende munt als reden voor verder onderzoek.

Probeer de Browser Beta 👇
https://bit.ly/AICoinScannerApp

🤖 Vertaald met AI — taalfout gezien? Stuur me een DM.","216","threads","ai-translated","SOURCE","https://bit.ly/AICoinScannerApp","https://bit.ly/AICoinScannerApp","content-creator-nl.html","","",""
"COIN-030-nl","COIN-030","AI Coin Collection Scanner","coin","nl","NL","Onderzoek","Bepaal eerst welke records aandacht nodig hebben.

Gebruik daarna openbare referentiebronnen gericht.

Probeer de Browser Beta 👇
https://bit.ly/AICoinScannerApp

🤖 Vertaald met AI — taalfout gezien? Stuur me een DM.","217","threads","ai-translated","SOURCE","https://bit.ly/AICoinScannerApp","https://bit.ly/AICoinScannerApp","content-creator-nl.html","","",""
"COIN-031-nl","COIN-031","AI Coin Collection Scanner","coin","nl","NL","Export","Werk je graag in Excel? Exporteer je munteninventaris en ga daar verder.

Probeer de Browser Beta 👇
https://bit.ly/AICoinScannerApp

🤖 Vertaald met AI — taalfout gezien? Stuur me een DM.","188","threads","ai-translated","SOURCE","https://bit.ly/AICoinScannerApp","https://bit.ly/AICoinScannerApp","content-creator-nl.html","","",""
"COIN-032-nl","COIN-032","AI Coin Collection Scanner","coin","nl","NL","Export","Gebruik CSV als je een eenvoudig, draagbaar formaat nodig hebt.

Probeer de Browser Beta 👇
https://bit.ly/AICoinScannerApp

🤖 Vertaald met AI — taalfout gezien? Stuur me een DM.","179","threads","ai-translated","SOURCE","https://bit.ly/AICoinScannerApp","https://bit.ly/AICoinScannerApp","content-creator-nl.html","","",""
"COIN-033-nl","COIN-033","AI Coin Collection Scanner","coin","nl","NL","Export","Controleer je records en sla ze daarna op als Excel of CSV.

Zo blijft je inventaris bruikbaar buiten de Browser Beta.

Probeer de Browser Beta 👇
https://bit.ly/AICoinScannerApp

🤖 Vertaald met AI — taalfout gezien? Stuur me een DM.","234","threads","ai-translated","SOURCE","https://bit.ly/AICoinScannerApp","https://bit.ly/AICoinScannerApp","content-creator-nl.html","","",""
"COIN-034-nl","COIN-034","AI Coin Collection Scanner","coin","nl","NL","Export","Zie Excel als exportoptie, niet als de app.

Bouw je inventaris eerst in de Browser Beta.

Probeer de Browser Beta 👇
https://bit.ly/AICoinScannerApp

🤖 Vertaald met AI — taalfout gezien? Stuur me een DM.","205","threads","ai-translated","SOURCE","https://bit.ly/AICoinScannerApp","https://bit.ly/AICoinScannerApp","content-creator-nl.html","","",""
"COIN-035-nl","COIN-035","AI Coin Collection Scanner","coin","nl","NL","Export","Maak records in de browser. Sla ze daarna op als Excel of CSV.

Probeer de Browser Beta 👇
https://bit.ly/AICoinScannerApp

🤖 Vertaald met AI — taalfout gezien? Stuur me een DM.","178","threads","ai-translated","SOURCE","https://bit.ly/AICoinScannerApp","https://bit.ly/AICoinScannerApp","content-creator-nl.html","","",""
"COIN-036-nl","COIN-036","AI Coin Collection Scanner","coin","nl","NL","Beta","Test AI Coin Collection Scanner met je eigen munten.

Gebruik de Browser Beta om foto’s te organiseren en onderzoek voor te bereiden.

Probeer de Browser Beta 👇
https://bit.ly/AICoinScannerApp

🤖 Vertaald met AI — taalfout gezien? Stuur me een DM.","249","threads","ai-translated","SOURCE","https://bit.ly/AICoinScannerApp","https://bit.ly/AICoinScannerApp","content-creator-nl.html","","",""
"COIN-037-nl","COIN-037","AI Coin Collection Scanner","coin","nl","NL","Beta","Probeer de Beta en vertel waar je tijd verliest.

Juist die feedback helpt bepalen wat beter moet.

Probeer de Browser Beta 👇
https://bit.ly/AICoinScannerApp

🤖 Vertaald met AI — taalfout gezien? Stuur me een DM.","214","threads","ai-translated","SOURCE","https://bit.ly/AICoinScannerApp","https://bit.ly/AICoinScannerApp","content-creator-nl.html","","",""
"COIN-038-nl","COIN-038","AI Coin Collection Scanner","coin","nl","NL","Beta","Gebruik de tool niet als garantie voor echtheid, identificatie, zeldzaamheid of waarde.

Gebruik hem om te organiseren en onderzoek te ondersteunen.

Probeer de Browser Beta 👇
https://bit.ly/AICoinScannerApp

🤖 Vertaald met AI — taalfout gezien? Stuur me een DM.","264","threads","ai-translated","SOURCE","https://bit.ly/AICoinScannerApp","https://bit.ly/AICoinScannerApp","content-creator-nl.html","","",""
"COIN-039-nl","COIN-039","AI Coin Collection Scanner","coin","nl","NL","Beta","Houd de eerste stap eenvoudig:
foto’s erin → records eruit → controleren → exporteren.

Probeer de Browser Beta 👇
https://bit.ly/AICoinScannerApp

🤖 Vertaald met AI — taalfout gezien? Stuur me een DM.","202","threads","ai-translated","SOURCE","https://bit.ly/AICoinScannerApp","https://bit.ly/AICoinScannerApp","content-creator-nl.html","","",""
"COIN-040-nl","COIN-040","AI Coin Collection Scanner","coin","nl","NL","Beta","Maak van losse muntfoto’s een consistente inventaris.

Daar richt deze Browser Beta zich op.

Probeer de Browser Beta 👇
https://bit.ly/AICoinScannerApp

🤖 Vertaald met AI — taalfout gezien? Stuur me een DM.","208","threads","ai-translated","SOURCE","https://bit.ly/AICoinScannerApp","https://bit.ly/AICoinScannerApp","content-creator-nl.html","","",""
"COIN-041-nl","COIN-041","AI Coin Collection Scanner","coin","nl","NL","Beta","Kies nuttige functies boven veel functies.

Beta-feedback bepaalt wat verzamelaars echt nodig hebben.

Probeer de Browser Beta 👇
https://bit.ly/AICoinScannerApp

🤖 Vertaald met AI — taalfout gezien? Stuur me een DM.","217","threads","ai-translated","SOURCE","https://bit.ly/AICoinScannerApp","https://bit.ly/AICoinScannerApp","content-creator-nl.html","","",""
"COIN-042-nl","COIN-042","AI Coin Collection Scanner","coin","nl","NL","Beta","Wat mis jij in een munteninventaris? Betere onderzoekshulp, makkelijker foto’s koppelen, uitgebreidere export of iets anders?

Probeer de Browser Beta 👇
https://bit.ly/AICoinScannerApp

🤖 Vertaald met AI — taalfout gezien? Stuur me een DM.","241","threads","ai-translated","SOURCE","https://bit.ly/AICoinScannerApp","https://bit.ly/AICoinScannerApp","content-creator-nl.html","","",""
"COIN-043-nl","COIN-043","AI Coin Collection Scanner","coin","nl","NL","Beta","Test eerst met een paar munten.

Werkt de routine? Breid daarna uit naar de rest van je verzameling.

Probeer de Browser Beta 👇
https://bit.ly/AICoinScannerApp

🤖 Vertaald met AI — taalfout gezien? Stuur me een DM.","216","threads","ai-translated","SOURCE","https://bit.ly/AICoinScannerApp","https://bit.ly/AICoinScannerApp","content-creator-nl.html","","",""
"COIN-044-nl","COIN-044","AI Coin Collection Scanner","coin","nl","NL","Beta","Test met echte verzamelingen, niet alleen met perfecte voorbeeldfoto’s.

Vertel wat in de praktijk lastig wordt.

Probeer de Browser Beta 👇
https://bit.ly/AICoinScannerApp

🤖 Vertaald met AI — taalfout gezien? Stuur me een DM.","228","threads","ai-translated","SOURCE","https://bit.ly/AICoinScannerApp","https://bit.ly/AICoinScannerApp","content-creator-nl.html","","",""
"COIN-045-nl","COIN-045","AI Coin Collection Scanner","coin","nl","NL","Beta","Gebruik AI Coin Collection Scanner als inventarishulp, niet als grading- of taxatieservice.

Organiseer eerst. Onderzoek daarna.

Probeer de Browser Beta 👇
https://bit.ly/AICoinScannerApp

🤖 Vertaald met AI — taalfout gezien? Stuur me een DM.","244","threads","ai-translated","SOURCE","https://bit.ly/AICoinScannerApp","https://bit.ly/AICoinScannerApp","content-creator-nl.html","","",""
"COIN-046-nl","COIN-046","AI Coin Collection Scanner","coin","nl","NL","Verzameltip","Noteer waarom een munt verder onderzoek nodig heeft.

Zo weet je later precies welke vraag nog openstaat.

Probeer de Browser Beta 👇
https://bit.ly/AICoinScannerApp

🤖 Vertaald met AI — taalfout gezien? Stuur me een DM.","221","threads","ai-translated","SOURCE","https://bit.ly/AICoinScannerApp","https://bit.ly/AICoinScannerApp","content-creator-nl.html","","",""
"COIN-047-nl","COIN-047","AI Coin Collection Scanner","coin","nl","NL","Verzameltip","Begin je inventaris voordat je verzameling enorm wordt.

Een bestaande structuur bijhouden is makkelijker dan later alles reconstrueren.

Probeer de Browser Beta 👇
https://bit.ly/AICoinScannerApp

🤖 Vertaald met AI — taalfout gezien? Stuur me een DM.","252","threads","ai-translated","SOURCE","https://bit.ly/AICoinScannerApp","https://bit.ly/AICoinScannerApp","content-creator-nl.html","","",""
"COIN-048-nl","COIN-048","AI Coin Collection Scanner","coin","nl","NL","Verzameltip","Fotografeer steeds op dezelfde manier.

Consistentie maakt vergelijken, koppelen en controleren eenvoudiger.

Probeer de Browser Beta 👇
https://bit.ly/AICoinScannerApp

🤖 Vertaald met AI — taalfout gezien? Stuur me een DM.","224","threads","ai-translated","SOURCE","https://bit.ly/AICoinScannerApp","https://bit.ly/AICoinScannerApp","content-creator-nl.html","","",""
"COIN-049-nl","COIN-049","AI Coin Collection Scanner","coin","nl","NL","Verzameltip","Houd inventariseren en waardeonderzoek apart.

Documenteer eerst. Besteed daarna tijd aan de munten die onderzoek verdienen.

Probeer de Browser Beta 👇
https://bit.ly/AICoinScannerApp

🤖 Vertaald met AI — taalfout gezien? Stuur me een DM.","240","threads","ai-translated","SOURCE","https://bit.ly/AICoinScannerApp","https://bit.ly/AICoinScannerApp","content-creator-nl.html","","",""
"COIN-050-nl","COIN-050","AI Coin Collection Scanner","coin","nl","NL","Verzameltip","Bewaar je originele foto’s.

Gebruik ze later opnieuw wanneer je een detail wilt controleren.

Probeer de Browser Beta 👇
https://bit.ly/AICoinScannerApp

🤖 Vertaald met AI — taalfout gezien? Stuur me een DM.","209","threads","ai-translated","SOURCE","https://bit.ly/AICoinScannerApp","https://bit.ly/AICoinScannerApp","content-creator-nl.html","","",""